suite,model,data_triples,iters,conformance_ms_median,conformance_ms_mad,full_evidence_ms_median,full_evidence_ms_mad,full_overhead_median,full_overhead_mad,failure_discovery_ms_median,failure_discovery_ms_mad,failure_explanation_ms_median,failure_explanation_ms_mad,on_demand_ms_median,on_demand_ms_mad,on_demand_overhead_median,on_demand_overhead_mad,serialize_ms_median,serialize_ms_mad,conforms_conformance,conforms_evidence,conforms_on_demand,evaluated_pairs,pass_pairs,fail_pairs,fail_fraction,authored_pairs,authored_pass_pairs,authored_fail_pairs,statements,evidence_nodes,evidence_nodes_per_authored_pair,evidence_bytes,evidence_bytes_per_authored_pair,full_run_bytes_with_catalog,full_run_bytes_no_catalog,compact_run_bytes_with_catalog,compact_run_bytes_no_catalog,node_occurrences,distinct_nodes,node_redundancy,result_occurrences,distinct_results,result_redundancy,support_occurrences,distinct_support,support_redundancy,support_share,term_occurrences,distinct_terms,term_redundancy,normalized_requests,duplicate_records,divergent_duplicates,canonical_occurrences,shared_payloads,shared_payload_fraction,shared_canonical_occurrences,shared_occurrence_fraction,request_reaches,requests_per_payload,max_payload_requests,distinct_keys,key_redundancy,multi_occurrence_keys,divergent_keys,divergence_fraction,divergent_occurrences,distinct_payloads_per_key,keys_over_payload_cap,both_polarity_addresses,conformance_ms_samples,full_evidence_ms_samples,failure_discovery_ms_samples,failure_explanation_ms_samples,on_demand_ms_samples
brick,bldg1.ttl,2650,10,148.3009,1.2111,354.3840,3.7403,2.3924,0.0423,148.5089,0.6509,8.4533,0.0381,157.0040,0.6002,1.0579,0.0089,27.2824,0.5891,false,false,false,2800,2752,48,0.017143,4020,3972,48,1963,24103,5.996,27797433,6914.8,31453871,29029274,7792110,5603458,105777,19016,5.563,24103,17765,1.357,81674,1251,65.287,0.7721,243561,548,444.454,2800,1220,0,22883,145,0.0082,1634,0.0714,19219,1.082,1311,11961,2.015,1143,372,0.3255,9160,15960,35,0,155.7351;147.8522;147.2676;152.7759;147.3491;150.3638;150.6800;148.0182;146.9121;148.5837,343.4992;355.2104;353.5575;344.9410;357.0401;358.4730;352.0817;357.7756;359.4002;343.7545,147.6960;152.9241;146.7485;148.6667;148.4653;148.5525;153.2081;148.9979;147.3855;148.2507,8.5612;8.4435;8.4375;8.4129;8.4630;8.9051;8.4941;8.4175;8.4325;8.5356,156.2572;161.3675;155.1859;157.0796;156.9284;157.4577;161.7022;157.4154;155.8180;156.7862
brick,bldg10.ttl,2370,10,142.2698,1.6357,300.3612,2.4605,2.1161,0.0598,142.2445,0.6031,7.7940,0.0964,149.9355,0.6144,1.0540,0.0246,25.1936,0.2380,false,false,false,2536,2492,44,0.017350,3612,3568,44,1963,22130,6.127,25578009,7081.4,29183198,26758601,7538928,5348155,98132,17977,5.459,22130,16795,1.318,76002,1182,64.299,0.7745,226995,456,497.796,2536,1076,0,21054,165,0.0098,1591,0.0756,18154,1.081,1196,11045,2.004,862,239,0.2773,8345,15217,68,0,147.2308;142.3263;140.3631;147.0452;149.4491;141.6554;141.2742;147.4391;140.9051;142.2134,298.3962;301.1609;297.5171;304.5756;296.7876;299.7702;312.4014;300.9522;298.2843;313.0218,142.7324;149.2382;141.5273;142.3027;146.7295;141.4810;141.7553;142.1011;145.5627;142.1862,7.9569;7.8964;7.7803;7.7035;8.0103;7.8535;7.6833;7.7498;7.8077;7.6785,150.6893;157.1345;149.3076;150.0062;154.7399;149.3345;149.4386;149.8509;153.3704;149.8647
brick,bldg11.ttl,35567,10,645.3862,7.3024,3151.8006,9.9917,4.8671,0.1069,645.9316,6.5150,216.1770,1.0059,862.7470,4.2861,1.3322,0.0300,487.5341,12.3617,false,false,false,32813,31762,1051,0.032030,45377,44326,1051,1963,418389,9.220,520732185,11475.7,528900290,526475693,95364318,93174896,1993017,351925,5.663,418389,327724,1.277,1574628,24201,65.065,0.7901,4640969,4635,1001.288,32813,12564,0,405825,3643,0.0111,23237,0.0573,345727,1.055,14362,198492,2.108,13856,441,0.0318,177909,206872,245,0,642.0840;639.9663;642.6333;648.1391;660.5545;630.6005;638.6207;653.2255;946.0658;669.7951,3150.8672;3724.0160;3200.4028;3128.5609;3148.4364;3152.7341;3145.9668;3148.8525;3432.6364;3165.9502,693.4244;675.0530;643.8793;645.1100;645.7659;639.6552;646.0972;636.4456;687.9887;652.6851,215.6809;214.4749;215.2879;215.3115;216.9578;221.7770;216.6731;220.7708;240.3819;215.0543,909.1053;889.5279;859.1672;860.4215;862.7238;861.4323;862.7703;857.2164;928.3705;867.7395
brick,bldg12.ttl,12640,10,310.9452,7.2102,1226.1785,1.6564,3.9766,0.1012,300.5288,2.9384,66.8290,0.5321,369.8912,5.7601,1.2135,0.0521,187.4814,2.8445,false,false,false,10963,10689,274,0.024993,15343,15069,274,1963,148750,9.695,189641651,12360.1,194622281,192197684,34911476,32721567,721394,122515,5.888,148750,114410,1.300,572644,8105,70.653,0.7938,1680148,1222,1374.917,10963,4380,0,144370,1179,0.0103,7230,0.0501,120063,1.049,4476,69200,2.150,5730,426,0.0743,65244,77321,245,0,297.2687;314.0904;297.7750;302.4909;308.7796;297.5905;316.9112;331.2256;316.1356;313.1107,1214.7668;1250.4913;1225.4962;1225.2480;1226.4189;1217.5182;1225.9380;1229.3700;1227.3708;1228.2988,310.0833;311.2700;297.2118;300.5933;300.4642;349.5126;297.9689;298.6340;345.4569;299.6376,68.8012;67.0361;66.8233;72.5763;66.1484;67.4555;66.2582;66.8347;66.3355;66.7963,378.8845;378.3062;364.0351;373.1697;366.6127;416.9681;364.2271;365.4688;411.7925;366.4339
brick,bldg13.ttl,3750,10,167.4455,3.2006,444.6762,2.9463,2.6385,0.0721,165.5192,1.0394,16.1717,0.0212,181.6798,0.9474,1.1005,0.0243,48.2135,0.5032,false,false,false,3927,3845,82,0.020881,5597,5515,82,1963,38453,6.870,44278093,7911.0,48105333,45680736,10957018,8768672,169958,31386,5.415,38453,29304,1.312,131505,2082,63.163,0.7737,391344,720,543.533,3927,1670,0,36783,285,0.0097,2446,0.0665,31360,1.070,1773,19193,2.003,1632,391,0.2396,14826,25073,91,0,163.9073;169.5220;164.6334;170.8137;164.4125;171.4525;165.3690;174.9114;164.8798;174.3585,451.8428;445.3973;444.1067;436.3350;448.9855;445.2457;446.2595;438.0390;436.8731;443.2523,165.0737;174.2807;164.0617;164.8979;165.5563;163.9687;168.6776;165.4820;168.8752;165.5923,16.3772;16.8515;16.3573;16.1479;16.1537;16.1530;16.2143;16.1675;16.1650;16.1758,181.4509;191.1322;180.4190;181.0458;181.7100;180.1217;184.8919;181.6495;185.0402;181.7681
brick,bldg14.ttl,754,10,122.8139,0.3419,200.0498,0.6601,1.6279,0.0178,123.1852,0.5394,2.5967,0.0210,125.7699,0.5407,1.0224,0.0147,5.7495,0.0321,false,false,false,1108,1091,17,0.015343,1642,1625,17,1963,4467,2.720,2727455,1661.1,6119750,3695153,3722727,1532582,11151,3192,3.493,4467,3048,1.466,6684,144,46.417,0.5994,22974,241,95.328,1108,534,0,3933,9,0.0030,576,0.1465,3614,1.186,559,2772,1.611,205,78,0.3805,552,3048,0,0,122.8039;122.8239;122.3112;122.3339;125.0815;123.2053;123.1064;130.4166;122.6048;122.7780,199.1318;208.1811;199.0475;210.4438;200.0495;214.6118;200.0500;199.6570;200.4520;199.9276,122.6537;127.5668;122.6379;124.5002;123.1575;123.2129;122.7097;122.7523;127.2715;124.2485,2.5986;2.6214;2.5682;2.5948;2.5635;2.6060;2.5897;2.5672;2.6140;2.8710,125.2523;130.1882;125.2061;127.0950;125.7210;125.8188;125.2994;125.3195;129.8855;127.1194
brick,bldg15.ttl,20071,10,401.9023,2.2898,1724.8162,6.6837,4.2990,0.0554,400.5789,6.3623,93.5079,1.6216,492.8501,8.3921,1.2470,0.0094,290.7750,4.8877,false,false,false,19236,18838,398,0.020690,26950,26552,398,1963,225416,8.364,272741151,10120.3,278982411,276557814,50708684,48519580,1041115,184106,5.655,225416,171761,1.312,815699,12345,66.075,0.7835,2407077,3215,748.702,19236,7714,0,217702,1692,0.0099,12363,0.0568,181909,1.059,8458,106881,2.109,8338,454,0.0544,94178,115087,245,0,389.4501;392.9747;404.9561;392.1998;400.3765;412.1062;402.0532;402.0301;402.5921;401.7745,1700.5324;1769.1966;1709.9755;1731.7737;1720.7046;1724.3137;1745.7900;1725.3187;1731.2260;1724.2469,393.4494;398.2698;389.2042;397.7026;406.3991;395.7181;402.8879;420.2085;407.4831;409.2508,90.2923;94.1300;92.8890;91.3491;94.1267;96.0000;90.4125;92.4235;94.5687;96.9185,483.7417;492.3998;482.0932;489.0517;500.5258;491.7182;493.3004;512.6321;502.0519;506.1693
brick,bldg16.ttl,945,10,119.7975,0.4423,188.7432,3.8507,1.5650,0.0512,121.7155,2.4427,4.0144,0.0445,125.6967,2.4463,1.0331,0.0188,7.1945,0.0876,false,false,false,1205,1186,19,0.015768,1773,1754,19,1963,5873,3.312,4584685,2585.8,7991417,5566820,3997881,1806845,18129,4304,4.212,5873,4100,1.432,12256,204,60.078,0.6760,39344,242,162.579,1205,568,0,5305,17,0.0041,630,0.1188,4712,1.149,597,3390,1.732,265,150,0.5660,1348,4100,0,0,133.2720;119.4941;119.2164;125.2558;119.8251;127.3097;119.5109;121.6458;119.5703;119.7700,232.1253;200.0055;193.6933;185.4222;184.5727;185.5817;184.8693;188.8980;188.5884;192.5707,147.2599;123.7354;119.1663;119.6955;119.5584;126.8346;119.5254;128.5633;119.3791;128.3640,4.5634;3.9795;3.9603;3.9830;4.0337;4.4365;3.9863;4.1575;3.9950;4.1920,151.8233;127.7149;123.1267;123.6785;123.5921;131.2711;123.5117;132.7208;123.3741;132.5561
brick,bldg17.ttl,793,10,127.7665,3.6469,215.1966,10.8471,1.6721,0.0699,130.1468,1.5677,3.4331,0.0777,133.6829,1.7197,1.0309,0.0376,6.1898,0.1736,false,false,false,1126,1109,17,0.015098,1668,1651,17,1963,4612,2.765,3199655,1918.3,6595403,4170806,3754100,1564103,12711,3277,3.879,4612,3123,1.477,8099,154,52.591,0.6372,26967,240,112.362,1126,542,0,4070,11,0.0035,590,0.1450,3701,1.185,569,2761,1.670,217,99,0.4562,721,3123,0,0,124.8114;130.8624;123.2151;122.8002;124.6157;134.3580;131.9095;137.1330;126.1867;129.3464,204.3366;204.3623;205.0915;227.1792;226.6937;218.4363;233.9087;242.1279;211.9569;211.1325,123.1356;126.6178;128.3268;131.4623;125.3722;223.8370;131.1958;130.8129;131.4044;129.4807,3.4050;3.3460;3.3065;3.6105;3.3647;4.6362;3.3698;3.4998;3.4612;3.5725,126.5405;129.9638;131.6333;135.0728;128.7369;228.4732;134.5657;134.3127;134.8656;133.0531
brick,bldg18.ttl,13617,10,304.6056,3.4859,1275.3467,7.1348,4.1955,0.0647,304.2275,2.7392,85.9372,0.5234,391.4909,3.6166,1.2841,0.0219,186.3705,4.7897,false,false,false,13291,12836,455,0.034234,18502,18047,455,1963,152759,8.256,184129501,9951.9,189358063,186933466,36349876,34160014,703871,128027,5.498,152759,119077,1.283,551112,8950,61.577,0.7830,1629976,2158,755.318,13291,5211,0,147548,1355,0.0114,9239,0.0626,126378,1.061,5948,73222,2.086,5208,356,0.0684,63151,79873,196,0,299.4934;301.5304;309.3972;303.8225;303.0200;307.1527;309.3650;305.3886;300.7090;313.3033,1278.3590;1329.5138;1269.8872;1283.6400;1265.7130;1272.3345;1280.4330;1534.4576;1267.1737;1269.2502,304.2483;318.3909;300.5322;302.6662;315.1673;305.4314;304.2068;302.0817;312.8416;300.8950,86.6033;85.4717;91.0982;85.6448;85.8841;90.8359;85.9903;85.3559;85.8129;90.4562,390.8516;403.8625;391.6305;388.3110;401.0514;396.2673;390.1971;387.4376;398.6545;391.3512
brick,bldg19.ttl,1656,10,133.9504,0.9989,262.0811,2.4284,1.9544,0.0249,133.7439,0.8817,7.8626,0.1365,141.6395,1.0096,1.0624,0.0130,13.8388,0.0617,false,false,false,1869,1845,24,0.012841,2723,2699,24,1963,11606,4.262,11947541,4387.6,15454638,13030041,5118042,2928657,45585,8670,5.258,11606,8136,1.426,33979,534,63.631,0.7454,103378,401,257.800,1869,854,0,10752,53,0.0065,1013,0.0942,9095,1.118,908,6003,1.933,584,225,0.3853,3702,7716,21,0,133.9993;134.3960;133.9015;136.9795;133.1313;137.0188;133.2436;132.6090;132.6477;135.1292,260.1628;267.6131;261.5092;273.8585;260.3854;261.6113;259.1427;268.6271;272.1081;262.5510,135.5294;143.8660;133.8561;133.6317;133.1135;141.5071;139.3590;133.5003;132.6109;133.3900,7.9078;7.9962;8.0450;7.7462;7.7180;8.0867;8.1763;7.7231;7.8175;7.7474,143.4372;151.8622;141.9011;141.3780;140.8314;149.5938;147.5353;141.2234;140.4283;141.1374
brick,bldg2.ttl,2463,10,143.7152,1.2387,328.6812,8.3962,2.2671,0.0564,143.1886,1.1591,25.4132,0.1183,168.6535,1.1823,1.1795,0.0503,22.3402,0.4323,false,false,false,2581,2434,147,0.056955,3701,3554,147,1963,18654,5.040,15817544,4273.9,19403912,16979315,6962132,4772390,63168,16003,3.947,18654,14944,1.248,44514,1059,42.034,0.7047,139295,564,246.977,2581,1120,0,17534,180,0.0120,1679,0.0958,16338,1.093,1216,10808,1.726,682,273,0.4003,5237,13874,36,0,142.1833;141.9867;150.1038;143.0397;143.1990;144.2315;144.5036;142.7697;167.2883;161.4610,315.2885;319.9403;322.4704;318.6433;326.6237;330.7388;336.7327;341.8938;664.3469;333.5390,151.7200;142.8752;141.8975;147.1646;142.8991;141.5702;151.2228;143.4781;142.8653;144.2157,27.1475;25.1982;25.3219;26.9786;25.5490;25.4455;28.2768;25.3808;25.3124;25.3683,178.8675;168.0734;167.2194;174.1432;168.4480;167.0158;179.4997;168.8589;168.1777;169.5840
brick,bldg20.ttl,2517,10,146.6223,1.0710,340.4136,1.1743,2.3132,0.0292,146.7138,1.4738,11.6354,0.1532,158.9208,2.1868,1.0864,0.0685,27.8248,0.0694,false,false,false,2701,2642,59,0.021844,3877,3818,59,1963,23040,5.943,26194758,6756.5,29830675,27406078,7669896,5481277,100050,18495,5.410,23040,17265,1.334,77010,1230,62.610,0.7697,230235,522,441.063,2701,1176,0,21864,160,0.0093,1631,0.0746,18681,1.082,1258,11591,1.988,1046,344,0.3289,8586,15678,42,0,145.2050;145.7887;157.1248;146.4772;145.6664;156.5032;146.8336;145.4363;155.7909;146.7675,340.6585;339.5840;340.1687;339.0687;340.6718;342.9076;339.4100;343.6333;344.9692;338.4022,155.0920;146.7505;146.6770;160.7127;146.6477;145.4144;157.6751;146.5278;145.0656;156.7829,11.6922;11.5132;12.9009;11.9807;11.5785;11.5188;12.2470;11.4952;11.4691;12.3758,166.7842;158.2637;159.5779;172.6933;158.2263;156.9332;169.9220;158.0230;156.5348;169.1587
brick,bldg21.ttl,1491,10,133.9100,2.7437,253.6381,3.3255,1.9067,0.0629,133.3932,2.1835,4.3346,0.0977,137.9143,2.3386,1.0355,0.0230,14.1438,0.3197,false,false,false,1706,1685,21,0.012309,2486,2465,21,1963,10492,4.220,11052566,4445.9,14536445,12111848,4918877,2730492,42028,7824,5.372,10492,7333,1.431,31536,491,64.228,0.7504,95833,375,255.555,1706,780,0,9712,43,0.0059,926,0.0953,8215,1.120,841,5489,1.911,615,304,0.4943,3372,7087,21,0,136.0496;130.5728;136.9276;131.7704;131.0981;136.3068;140.0208;140.3924;131.2346;131.3339,258.2478;250.7388;250.5963;250.0290;262.4889;269.5984;252.4010;254.8752;251.3336;257.5845,131.4955;130.9237;138.4449;133.2881;131.6275;130.7650;136.1567;135.1213;133.4983;139.7048,4.3501;4.1988;4.3915;4.7992;4.2206;4.2308;4.3661;4.6983;4.2430;4.3192,135.8456;135.1225;142.8364;138.0873;135.8480;134.9958;140.5228;139.8196;137.7413;144.0240
brick,bldg22.ttl,1644,10,134.4440,0.9464,265.8760,3.3216,1.9552,0.0300,135.4371,2.1478,7.9417,0.0571,143.3530,2.1618,1.0689,0.0195,15.7139,0.2438,false,false,false,1871,1844,27,0.014431,2717,2690,27,1963,12306,4.529,13016629,4790.8,16526528,14101931,5309627,3121027,49609,9408,5.273,12306,8809,1.397,37303,599,62.275,0.7519,113110,400,282.775,1871,846,0,11460,64,0.0073,1041,0.0908,9775,1.110,904,6461,1.905,675,309,0.4578,4021,8387,21,0,142.1511;133.7987;133.6747;134.3222;134.5658;133.2755;140.0225;137.4155;135.5676;134.2534,267.1023;315.0446;277.4844;262.8385;270.6858;263.2588;272.9655;263.1882;264.6497;262.2703,145.1275;135.2331;133.3190;135.5129;139.9207;133.2595;134.0921;135.3612;142.0675;143.3071,8.5106;7.8802;7.8890;7.9550;7.9808;7.9148;7.9283;7.8768;8.2683;8.2335,153.6380;143.1133;141.2080;143.4679;147.9015;141.1744;142.0204;143.2380;150.3357;151.5406
brick,bldg23.ttl,1203,10,128.7510,1.1801,232.5918,2.7773,1.7919,0.0351,128.6037,0.5048,5.3856,0.0714,134.0254,0.5979,1.0459,0.0286,9.9960,0.0451,false,false,false,1439,1419,20,0.013899,2105,2085,20,1963,7627,3.623,7231683,3435.5,10676401,8251804,4343181,2153271,27612,5600,4.931,7627,5285,1.443,19985,315,63.444,0.7238,62017,304,204.003,1439,666,0,6961,29,0.0055,773,0.1110,6028,1.141,716,4125,1.849,373,176,0.4718,2096,5285,0,0,127.1117;127.7851;127.5299;135.5256;134.4638;129.0410;128.4609;127.6118;134.9654;129.6972,227.8360;237.6654;235.2613;232.8392;230.4110;229.7066;500.1000;230.7160;239.4978;232.3443,132.8088;128.4653;127.9434;128.9018;128.3583;136.9535;130.6504;128.2544;127.3806;128.7420,5.7176;5.3110;5.3664;5.3200;5.5293;5.7965;5.4047;5.2907;5.3174;5.4212,138.5264;133.7764;133.3098;134.2218;133.8876;142.7499;136.0551;133.5451;132.6980;134.1632
brick,bldg24.ttl,551,10,115.5965,0.5078,157.8854,1.5951,1.3561,0.0220,115.7056,0.2464,1.4824,0.0126,117.1816,0.2243,1.0121,0.0082,4.3433,0.0345,false,false,false,948,937,11,0.011603,1412,1401,11,1963,3165,2.242,943511,668.2,4311644,1887047,3463700,1271891,4637,2190,2.117,3165,2131,1.485,1472,59,24.949,0.3174,7515,188,39.973,948,464,0,2701,3,0.0014,487,0.1803,2614,1.227,482,2086,1.517,79,29,0.3671,112,2131,0,0,115.6143;115.4552;115.5787;119.2633;115.5346;115.0087;121.3436;115.1688;123.7047;116.8600,156.4854;161.6538;156.0951;166.3245;156.5433;164.4089;157.1577;156.8035;162.1081;158.6130,124.5303;115.9518;115.4787;115.8326;115.4589;115.6168;115.4508;116.0019;115.3666;115.7944,1.5941;1.4827;1.4979;1.5381;1.4797;1.4726;1.4821;1.4630;1.6094;1.4794,126.1245;117.4345;116.9766;117.3707;116.9386;117.0894;116.9329;117.4649;116.9760;117.2738
brick,bldg25.ttl,1050,10,123.5925,0.9024,201.3844,2.7982,1.6307,0.0245,123.6242,1.1711,2.6114,0.0258,126.2111,1.1550,1.0247,0.0157,9.0533,0.0339,false,false,false,1373,1356,17,0.012382,2037,2020,17,1963,7487,3.676,6012931,2951.9,9446569,7021972,4348493,2158961,24037,5729,4.196,7487,5414,1.383,16550,315,52.540,0.6885,52318,292,179.171,1373,664,0,6823,35,0.0065,729,0.1068,6097,1.126,650,4410,1.698,408,190,0.4657,1722,5414,0,0,123.7521;122.6301;122.0075;131.1715;122.2192;130.1360;123.4330;124.0998;122.7501;123.9915,198.5429;651.8448;201.7235;201.0454;198.6059;205.3813;199.6870;204.2022;200.8569;209.0335,127.8935;124.3172;122.4620;122.9313;122.5820;127.7501;122.8453;130.9192;122.4441;128.5566,2.7008;2.5962;2.6092;2.5776;2.6135;2.8553;2.5905;2.8028;2.5970;2.6420,130.5943;126.9134;125.0712;125.5088;125.1955;130.6054;125.4358;133.7220;125.0411;131.1986
brick,bldg26.ttl,1320,10,129.9935,0.7471,239.2222,3.4519,1.8296,0.0334,129.8299,0.4076,4.9019,0.0308,134.7289,0.3388,1.0392,0.0090,10.2419,0.0348,false,false,false,1567,1544,23,0.014678,2305,2282,23,1963,8540,3.705,7706988,3343.6,11170366,8745769,4514986,2326098,29842,6341,4.706,8540,5971,1.430,21302,370,57.573,0.7138,66384,355,186.997,1567,738,0,7802,33,0.0055,826,0.1059,6763,1.133,761,4777,1.788,471,190,0.4034,2170,5959,12,0,130.4777;134.9298;129.3530;129.5092;129.2155;130.6621;131.9509;129.2708;129.2219;130.7835,235.7542;235.6619;236.0684;242.6580;237.0195;248.0519;240.5722;689.6265;250.7031;237.8723,129.4410;136.7288;130.2562;135.9221;129.7336;129.2686;130.0488;129.8735;129.0239;129.7863,5.0111;5.1503;4.8736;4.9496;4.9060;4.8685;4.8667;4.8936;4.8993;4.9044,134.4522;141.8791;135.1298;140.8717;134.6397;134.1372;134.9155;134.7670;133.9232;134.6907
brick,bldg27.ttl,3041,10,147.5225,1.2354,353.5766,6.3005,2.4034,0.0557,147.5828,0.7233,26.4803,0.0425,173.9672,0.8175,1.1807,0.0108,31.8762,0.6060,false,false,false,3075,2993,82,0.026667,4385,4303,82,1963,27081,6.176,29414650,6708.0,33107038,30682441,8511442,6320908,112956,22007,5.133,27081,20590,1.315,85875,1417,60.603,0.7603,257554,559,460.741,3075,1310,0,25771,202,0.0098,1878,0.0729,22193,1.078,1403,13817,1.960,1075,251,0.2335,9872,18452,61,0,153.9375;147.1280;146.0478;152.5283;148.2174;145.9431;152.7044;146.5264;147.0200;147.9170,345.5852;353.8425;353.3107;346.0173;355.9813;357.8291;348.1480;361.1131;360.7490;346.3880,146.7960;152.2209;146.4348;146.9230;150.1951;147.4830;148.2170;147.9340;146.4425;147.6826,26.7846;26.4718;26.4615;26.4161;26.5397;26.2799;26.7571;26.5060;26.4614;26.4889,173.5806;178.6926;172.8964;173.3392;176.7348;173.7629;174.9741;174.4400;172.9038;174.1715
brick,bldg28.ttl,3885,10,175.8197,1.2134,473.3555,4.5394,2.6767,0.0754,176.4445,1.9445,26.8446,0.0929,204.5255,2.7506,1.1591,0.0119,52.6617,0.1798,false,false,false,3960,3844,116,0.029293,5662,5546,116,1963,47429,8.377,50021771,8834.6,53828252,51403655,13089934,10901757,197115,40418,4.877,47429,37921,1.251,149686,2497,59.946,0.7594,447411,622,719.310,3960,1702,0,45727,353,0.0093,2551,0.0558,39934,1.053,1662,25293,1.875,1800,357,0.1983,17409,30374,147,0,175.5031;175.0252;180.7740;174.4487;175.6292;173.0554;176.0103;184.7713;176.8754;189.1005,467.6268;480.8196;468.4895;480.9661;475.8313;482.5189;473.2651;469.1428;469.2923;473.4459,175.6508;175.9645;181.4683;174.8756;178.7645;173.6144;184.6981;176.9245;182.6705;175.0506,29.6857;26.7397;28.2234;26.7636;27.0444;26.7860;27.2254;26.7900;26.8292;26.8600,205.3365;202.7041;209.6918;201.6392;205.8089;200.4004;211.9235;203.7145;209.4997;201.9105
brick,bldg29.ttl,889,10,124.1288,0.5344,210.4463,0.9722,1.6977,0.0136,125.3340,1.5801,3.0486,0.0408,128.3928,1.6220,1.0281,0.0148,6.7344,0.0360,false,false,false,1173,1157,16,0.013640,1729,1713,16,1963,5242,3.032,4063412,2350.2,7466679,5042082,3879460,1689373,15924,3776,4.217,5242,3584,1.463,10682,192,55.635,0.6708,34511,248,139.157,1173,556,0,4686,14,0.0039,621,0.1325,4190,1.169,594,3063,1.711,265,120,0.4528,1003,3584,0,0,123.3130;124.4812;123.5831;123.6057;124.0236;125.0003;125.4258;131.5582;124.2340;123.7222,208.8959;216.1579;209.1028;220.3706;211.0471;223.4650;210.2339;210.0842;210.3897;210.5029,123.7206;130.2187;123.7873;126.7805;124.4989;123.5635;124.1829;129.4340;126.1692;132.8466,3.0420;3.0553;2.9917;3.1470;3.0323;3.0085;3.0072;3.2292;3.0852;3.2284,126.7625;133.2740;126.7790;129.9275;127.5312;126.5720;127.1901;132.6633;129.2544;136.0750
brick,bldg3.ttl,749,10,122.5858,0.6047,200.2927,0.8496,1.6364,0.0548,122.5966,0.6159,2.5974,0.0193,125.1882,0.6319,1.0207,0.0084,5.6782,0.0394,false,false,false,1106,1089,17,0.015371,1640,1623,17,1963,4443,2.709,2672682,1629.7,6064661,3640064,3717044,1526899,10951,3175,3.449,4443,3034,1.464,6508,141,46.156,0.5943,22488,241,93.311,1106,534,0,3909,9,0.0030,574,0.1468,3598,1.186,557,2772,1.603,199,64,0.3216,508,3034,0,0,121.9647;122.6112;121.6670;125.3064;127.8906;123.2012;122.5603;122.0862;122.0312;123.1797,208.2518;200.1378;210.0568;200.0083;200.3965;199.4374;199.4489;212.7469;200.1889;213.2168,127.1088;122.5532;121.8984;122.6399;122.3888;130.0398;122.4695;123.7237;121.7463;123.1302,2.6819;2.5791;2.5858;2.6041;2.5715;2.6830;2.5898;2.6340;2.5906;2.6178,129.7908;125.1323;124.4842;125.2440;124.9603;132.7228;125.0593;126.3576;124.3368;125.7479
brick,bldg30.ttl,12167,10,270.6944,14.2395,1256.3906,29.5185,4.7651,0.1873,271.2181,4.4915,131.0872,3.1884,400.7081,6.4677,1.5159,0.0513,120.9091,2.2008,false,false,false,11189,10880,309,0.027616,15533,15224,309,1963,103179,6.643,121291723,7808.6,125685143,123260546,24078898,21887605,482796,82374,5.861,103179,76720,1.345,379617,5654,67.141,0.7863,1125124,2043,550.721,11189,4344,0,98835,803,0.0105,7142,0.0723,82860,1.080,5339,48168,2.142,3757,235,0.0625,41839,53336,162,0,256.3554;259.8777;264.8657;256.5542;292.9631;256.2963;289.1575;276.5230;309.8499;279.1449,1240.0575;1236.1920;1233.4066;1224.6220;1229.1223;2321.2448;1814.4357;1272.7237;1290.8485;1389.3802,262.4629;265.3954;255.9741;268.0580;293.7596;272.6615;324.6318;271.8392;273.7656;270.5971,129.4492;132.5262;127.2870;128.5106;146.5565;127.1175;137.5940;131.1344;136.6063;131.0400,391.9122;397.9216;383.2610;396.5685;440.3161;399.7791;462.2258;402.9735;410.3718;401.6371
brick,bldg31.ttl,663,10,122.6960,3.1797,199.0990,4.0411,1.6172,0.0195,120.9254,1.0141,3.0578,0.0621,123.9677,1.1120,1.0220,0.0169,5.9642,0.1916,false,false,false,1016,1000,16,0.015748,1506,1490,16,1963,3714,2.466,2112457,1402.7,5490854,3066257,3580370,1389278,8649,2583,3.348,3714,2483,1.496,4935,100,49.350,0.5706,17545,205,85.585,1016,490,0,3224,6,0.0024,532,0.1650,3008,1.211,521,2268,1.638,140,92,0.6571,479,2483,0,0,120.2928;128.2411;123.1398;135.1776;119.7238;120.5955;126.6300;119.3086;127.9262;122.2521,195.6235;195.6994;202.4985;204.0895;202.6247;194.1546;203.3531;193.8029;209.3312;195.2710,120.5607;122.1275;124.2650;126.8489;120.3143;122.4648;120.0994;119.6513;120.6253;121.2255,3.0668;3.5666;3.4281;3.2657;3.0026;3.0487;2.9722;2.9887;3.0793;3.0053,123.6275;125.6942;127.6931;130.1145;123.3170;125.5135;123.0716;122.6399;123.7046;124.2309
brick,bldg32.ttl,16480,10,345.2555,10.0652,1504.6399,52.1364,4.3129,0.1273,341.2446,14.9437,88.1325,2.0181,429.9550,14.5308,1.2371,0.0413,211.3108,4.0193,false,false,false,15792,15337,455,0.028812,21982,21527,455,1963,172310,7.839,217472564,9893.2,223150232,220725635,39774477,37584073,818924,140226,5.840,172310,130277,1.323,646614,9949,64.993,0.7896,1906658,2737,696.623,15792,6190,0,166120,1374,0.0105,10461,0.0630,138921,1.066,7272,79228,2.175,6147,335,0.0545,73580,86362,210,0,356.0087;343.9395;331.1396;386.5729;360.3847;335.8784;352.4278;325.1056;339.6031;346.5716,1521.1212;1600.1398;1556.1571;1675.7478;1550.7961;1451.8844;1454.2974;1488.1587;1434.2967;1437.4680,339.8350;324.5123;323.3354;458.7297;394.5392;342.6542;346.4269;365.2098;328.0895;335.0197,86.5130;86.1653;86.2823;110.1920;86.8555;90.9078;89.4095;85.9210;92.0814;90.2014,426.3480;410.6776;409.6177;568.9217;481.3947;433.5620;435.8364;451.1307;420.1709;425.2211
brick,bldg33.ttl,709,10,124.8855,4.6701,203.4045,8.0741,1.6193,0.0691,130.0230,8.8599,2.4071,0.0482,132.5382,8.8833,1.0439,0.0910,5.0061,0.1334,false,false,false,1015,1000,15,0.014778,1514,1499,15,1963,3692,2.439,1483313,979.7,4861079,2436482,3574592,1384012,6697,2645,2.532,3692,2545,1.451,3005,100,30.050,0.4487,12212,217,56.276,1015,499,0,3193,7,0.0028,522,0.1635,3057,1.201,507,2469,1.495,120,29,0.2417,152,2545,0,0,120.9945;127.2402;121.1061;120.4751;122.5308;119.9556;136.1477;230.0060;143.5849;131.0905,194.5475;196.5833;198.9464;207.2781;267.7067;195.6207;211.7690;199.5308;216.4657;214.3226,120.1537;120.3294;126.7482;136.0923;138.0493;120.1604;122.9168;133.2977;154.3248;150.9732,2.4179;2.3495;2.3938;3.2466;2.3962;2.3682;2.3918;2.6366;5.3645;2.6439,122.5715;122.6789;129.1420;139.3389;140.4455;122.5286;125.3086;135.9343;159.6893;153.6171
brick,bldg34.ttl,5912,10,199.2925,7.4926,609.3006,10.7365,3.0823,0.1166,194.3308,4.8389,55.5083,0.4601,249.4194,4.4835,1.2545,0.0445,73.3637,7.4953,false,false,false,5731,5549,182,0.031757,8093,7911,182,1963,54538,6.739,61274285,7571.3,65367116,62942519,14346921,12157817,234063,44676,5.239,54538,41650,1.309,179525,3026,59.327,0.7670,535539,1056,507.139,5731,2362,0,52176,451,0.0108,3642,0.0698,44682,1.073,2583,27110,2.012,2126,344,0.1618,20824,33790,166,0,188.0992;224.8350;203.5468;234.4363;198.9150;199.6700;205.4319;194.4675;189.5313;190.4468,601.2065;621.4476;631.1095;628.6580;658.4234;611.8026;599.9745;595.3194;606.7987;602.7575,189.4647;200.0355;189.5191;204.9605;194.1369;194.5246;202.6284;199.3097;189.7049;191.1499,55.9061;60.4364;55.1775;59.3532;54.9703;55.2071;55.5462;57.9741;55.4704;54.9860,245.3708;260.4719;244.6965;264.3137;249.1072;249.7317;258.1746;257.2838;245.1753;246.1359
brick,bldg35.ttl,2040,10,144.1619,4.4555,286.0389,2.6158,1.9718,0.0614,145.4436,3.2639,5.0004,0.1271,150.5460,3.2296,1.0460,0.0426,20.7817,0.2164,false,false,false,2248,2230,18,0.008007,3256,3238,18,1963,17708,5.439,17831685,5476.6,21394150,18969553,6329175,4139029,69200,13609,5.085,17708,12775,1.386,51492,834,61.741,0.7441,154882,463,334.518,2248,1008,0,16700,75,0.0059,1212,0.0726,13911,1.089,1063,9041,1.959,794,185,0.2330,6155,11563,28,0,144.0186;144.3053;158.9005;143.9343;144.6809;139.3480;139.5639;157.8460;169.4770;139.8489,283.8913;283.3274;309.2725;293.5979;285.3765;283.5188;291.0958;286.7013;302.4945;284.1444,139.8134;149.4979;142.3438;142.0155;139.5905;146.6519;147.8727;145.5713;177.8933;145.3158,5.0475;5.0184;5.2912;4.9824;4.8235;4.8510;4.9073;4.8955;6.8528;5.3095,144.8609;154.5163;147.6350;146.9978;144.4139;151.5029;152.7800;150.4667;184.7462;150.6253
brick,bldg36.ttl,3723,10,173.2936,4.9982,458.9274,7.1883,2.6984,0.0472,173.4324,2.2742,19.5164,0.1037,193.0152,2.2154,1.1294,0.0354,76.7830,16.8073,false,false,false,4064,3957,107,0.026329,5760,5653,107,1963,41724,7.244,46408628,8057.1,50226098,47801501,11929237,9739108,181384,35137,5.162,41724,32794,1.272,139660,2343,59.607,0.7700,416352,687,606.044,4064,1696,0,40028,369,0.0113,2723,0.0680,34971,1.066,1810,21131,1.975,1528,300,0.1963,15939,26588,168,0,166.6453;176.9938;169.4650;177.1155;183.9546;169.5933;168.9238;178.9203;167.5608;181.8584,450.9765;485.7848;449.1359;453.9035;464.5397;463.9513;464.6740;452.5018;450.8541;492.9570,175.5135;175.0433;171.9263;167.8532;195.9320;172.0253;174.8395;167.5696;170.9650;176.9735,19.3997;19.4400;19.3678;19.4175;20.5963;19.6248;19.5408;19.5155;19.5174;20.0143,194.9132;194.4833;191.2941;187.2706;216.5283;191.6501;194.3804;187.0850;190.4824;196.9878
brick,bldg37.ttl,51170,10,809.1085,9.7972,4682.9265,85.7524,5.7201,0.1232,801.1308,6.3456,514.3578,8.4695,1315.9459,12.6243,1.6258,0.0498,1067.8937,78.6651,false,false,false,40021,38526,1495,0.037355,54405,52910,1495,1963,513149,9.432,758045466,13933.4,768197012,765772415,115072127,112883808,2756271,411686,6.695,513149,381295,1.346,2243122,30391,73.809,0.8138,6525993,4151,1572.150,40021,14384,0,498765,4226,0.0111,27758,0.0557,403685,1.059,18166,209920,2.444,18683,559,0.0299,251606,221390,343,0,904.3370;809.3194;884.6856;836.3822;802.9923;795.6304;808.8977;806.4605;1134.3215;804.6340,5014.9690;4897.3151;4694.9995;4821.1709;4599.2608;4853.9006;4620.9158;4670.8535;4628.7026;4595.0875,960.2554;799.9030;795.0985;799.6653;802.3586;807.7898;1229.9949;795.3865;784.9713;807.9497,573.3288;499.9257;584.9805;506.4850;504.0414;513.9165;505.2916;514.7990;518.0744;520.3446,1533.5842;1299.8287;1380.0791;1306.1503;1306.4000;1321.7063;1735.2865;1310.1855;1303.0457;1328.2943
brick,bldg38.ttl,870,10,174.7453,5.5724,265.0504,20.7727,1.5180,0.0724,176.3523,10.0064,2.2266,0.1599,178.8050,10.3924,1.0665,0.0556,9.9225,0.0762,false,false,false,1119,1108,11,0.009830,1659,1648,11,1963,5571,3.358,4142459,2497.0,7537964,5113367,3944895,1753880,16693,4085,4.086,5571,3898,1.429,11122,187,59.476,0.6663,35638,209,170.517,1119,540,0,5031,15,0.0038,574,0.1141,4457,1.143,546,3223,1.729,261,136,0.5211,1271,3898,0,0,174.2420;168.5753;161.2750;153.0971;182.8688;175.2486;179.7201;191.5978;172.8745;178.0124,272.6435;292.4368;238.4043;234.5352;270.0907;311.8632;250.1512;366.0457;260.0102;252.7552,190.2811;176.1595;161.9485;166.6316;176.3899;201.0417;166.0602;227.9802;183.6940;176.3146,2.4370;2.1617;1.9935;2.0383;2.2722;2.2666;2.0951;2.6205;2.1865;2.6332,192.7181;178.3212;163.9420;168.6699;178.6621;203.3082;168.1553;230.6007;185.8805;178.9478
brick,bldg39.ttl,2739,10,201.8780,1.8946,521.1779,35.1623,2.4696,0.0958,208.7251,10.3633,18.7251,0.7432,227.4067,9.5368,1.1171,0.0532,52.3982,1.6312,false,false,false,2758,2686,72,0.026106,3966,3894,72,1963,28975,7.306,33484558,8442.9,37136350,34711753,8989601,6801414,128275,23689,5.415,28975,22180,1.306,99300,1509,65.805,0.7741,294922,423,697.215,2758,1208,0,27767,200,0.0090,1665,0.0600,23571,1.063,1193,14606,1.984,1300,344,0.2646,11246,19644,77,0,202.2653;200.4765;201.4907;230.2194;200.5346;230.8692;204.2657;208.1847;196.9711;200.9535,503.9951;601.7864;488.4412;547.9836;509.5546;532.8012;483.5900;560.8205;482.0861;561.6933,213.4534;210.6558;206.7944;204.8591;196.8745;222.0042;194.1345;225.6383;199.4144;220.1410,19.3708;18.7699;18.5933;17.7625;17.7922;21.9875;17.8844;19.3552;20.3334;18.6803,232.8243;229.4256;225.3877;222.6217;214.6667;243.9917;212.0188;244.9935;219.7477;238.8213
brick,bldg4.ttl,4111,10,222.2777,5.7616,625.9355,23.5893,2.7914,0.1394,216.7670,7.3883,26.5588,1.2331,243.1178,8.3574,1.1163,0.0277,75.8848,13.0229,false,false,false,4239,4147,92,0.021703,6021,5929,92,1963,41630,6.914,48245451,8012.9,52113744,49689147,11638736,9450548,185228,34020,5.445,41630,31749,1.311,143598,2271,63.231,0.7752,427257,788,542.204,4239,1782,0,39848,309,0.0097,2663,0.0668,33988,1.071,1932,20711,2.010,1694,330,0.1948,16016,26904,91,0,230.8365;222.6732;251.1273;222.0193;217.1896;210.6823;228.7127;222.5360;206.7508;220.8461,714.8480;608.2668;630.5838;621.2872;679.9708;661.6005;596.4257;616.8211;575.6714;637.4895,235.9262;216.2144;244.7170;312.0442;216.9038;208.8820;209.8753;244.9245;214.2229;216.6302,28.5132;26.5359;31.5948;32.0678;26.5817;25.3022;25.4613;28.4255;25.3490;25.4157,264.4394;242.7502;276.3118;344.1120;243.4854;234.1843;235.3366;273.3500;239.5719;242.0459
brick,bldg40.ttl,9444,10,324.2296,21.3586,1259.7513,72.8611,3.9940,0.2600,313.4647,10.2709,67.0658,2.4203,387.1896,14.4656,1.1664,0.0769,161.7724,4.9942,false,false,false,8950,8674,276,0.030838,12464,12188,276,1963,101738,8.163,127808180,10254.2,132385800,129961203,24919091,22730347,487139,84402,5.772,101738,78491,1.296,385401,5911,65.201,0.7912,1137234,1413,804.837,8950,3514,0,98224,858,0.0109,6140,0.0625,83420,1.063,4073,47905,2.124,3662,462,0.1262,43060,55243,224,0,368.9206;306.6005;301.5868;352.9094;336.4078;304.1550;330.1530;298.6735;318.3062;420.9047,1622.7963;1298.2882;1259.3061;1418.3329;1188.3159;1129.7886;1124.4205;1185.4645;1301.8941;1260.1965,350.0762;310.8701;324.1424;307.5027;316.0594;323.3290;298.0078;292.2566;327.7096;310.0740,70.0455;66.0178;66.1505;63.7815;68.9267;66.0640;67.9812;62.6817;72.5058;96.1380,420.1218;376.8879;390.2928;371.2842;384.9861;389.3930;365.9890;354.9383;400.2154;406.2119
brick,bldg41.ttl,1215,10,166.6612,4.9919,307.6091,4.4467,1.8089,0.0357,170.8322,6.7190,5.9766,0.2593,176.9447,7.0035,1.0596,0.0225,14.2681,0.0733,false,false,false,1352,1335,17,0.012574,1984,1967,17,1963,8011,4.038,8398759,4233.2,11832778,9408181,4443651,2254506,31835,5922,5.376,8011,5577,1.436,23824,345,69.055,0.7484,72519,259,279.996,1352,632,0,7379,32,0.0057,719,0.0974,6264,1.123,657,4230,1.894,486,255,0.5247,2514,5565,12,0,173.3838;162.4145;241.2957;172.0479;156.9684;171.0403;165.6025;158.4099;167.7198;162.0642,307.9349;326.3768;381.8217;311.0205;311.6993;302.8059;299.7500;303.9580;307.2834;288.6054,174.3324;168.2876;201.9180;176.8702;163.4322;164.9222;173.3767;161.7497;160.8058;180.9255,6.5122;5.7315;11.8422;6.1631;5.7902;5.7378;6.4935;5.4236;5.7032;6.2083,180.8447;174.0191;213.7603;183.0333;169.2224;170.6600;179.8702;167.1733;166.5090;187.1337
brick,bldg42.ttl,3320,10,205.8548,3.6049,519.0764,7.7145,2.5361,0.0563,202.1437,6.4778,26.8572,0.5445,228.4691,4.8343,1.1539,0.0229,51.9621,1.5781,false,false,false,3182,3113,69,0.021684,4578,4509,69,1963,32712,7.145,37922951,8283.7,41651401,39226804,9627147,7438950,144710,26158,5.532,32712,24483,1.336,111998,1675,66.864,0.7739,331455,482,687.666,3182,1396,0,31316,232,0.0095,1859,0.0594,26056,1.064,1343,15967,2.049,1574,386,0.2452,13118,20988,49,0,200.6091;210.4728;194.1551;206.0043;207.1207;194.4407;205.7053;208.4467;196.1404;208.2069,520.3380;522.3915;533.7466;529.8746;517.8147;525.8338;510.4048;515.0136;504.7506;502.1310,210.9270;213.2089;200.7697;220.1625;203.4193;200.8681;210.7452;193.1808;200.5884;197.7896,27.3208;27.4826;25.6026;26.7318;26.9720;25.6788;26.7423;29.2176;25.6075;27.0816,238.2479;240.6915;226.3723;246.8943;230.3913;226.5469;237.4875;222.3983;226.1959;224.8713
brick,bldg43.ttl,6255,10,262.6416,6.0660,866.7317,9.5518,3.3151,0.0556,263.7104,7.8419,38.6967,1.2391,302.2001,8.5530,1.1355,0.0242,116.3547,1.8294,false,false,false,5815,5644,171,0.029407,8228,8057,171,1963,75957,9.232,89949966,10932.2,94092642,91668045,19101070,16910969,344855,62987,5.475,75957,58939,1.289,268898,4048,66.427,0.7797,792894,706,1123.079,5815,2413,0,73544,586,0.0099,3731,0.0507,61870,1.050,2347,36921,2.057,2932,230,0.0784,31488,43677,217,0,263.1074;275.5067;262.1758;271.9879;253.0761;268.2578;268.6632;256.5311;257.9401;254.7862,867.1985;884.4177;874.1296;896.3648;950.9283;847.8303;857.1444;866.2648;860.3130;857.2154,266.5086;253.2067;265.1602;267.3685;272.3751;248.9359;262.2605;254.9862;270.7295;251.0937,37.4327;37.3264;40.0735;40.0575;39.1949;39.9108;38.1985;37.6274;39.2068;36.1704,303.9413;290.5331;305.2337;307.4260;311.5700;288.8467;300.4590;292.6136;309.9363;287.2641
brick,bldg44.ttl,4898,10,234.5667,3.4007,703.3941,10.1627,3.0105,0.0799,232.4895,4.6482,26.7732,0.4512,259.4191,4.9709,1.0954,0.0484,91.3131,1.1966,false,false,false,4566,4454,112,0.024529,6470,6358,112,1963,55000,8.501,67378860,10414.0,71321699,68897102,14619650,12431574,257626,45286,5.689,55000,42313,1.300,202626,2973,68.155,0.7865,597290,604,988.891,4566,1904,0,53096,427,0.0101,2925,0.0551,44657,1.055,1919,26480,2.077,2310,442,0.1913,23055,33485,150,0,243.6862;232.1791;230.4323;232.8006;232.5497;250.3360;237.2337;236.3328;222.0145;300.5682,735.8678;744.7080;691.5665;704.8127;713.3185;701.9756;692.9930;694.8068;697.0979;730.4835,234.9363;229.1809;242.0436;245.5710;241.9266;233.5339;231.4451;226.5017;226.4248;229.3695,26.3753;26.3120;27.8870;28.2828;27.6964;26.6447;27.2145;26.9017;25.8021;26.4416,261.3116;255.4930;269.9306;273.8538;269.6230;260.1785;258.6597;253.4035;252.2269;255.8111
brick,bldg5.ttl,13579,10,373.4035,7.2322,1581.5045,21.8099,4.2143,0.0642,389.7381,6.8707,99.6072,0.8182,489.3453,11.7748,1.3166,0.0461,250.4452,9.4383,false,false,false,13150,12736,414,0.031483,18335,17921,414,1963,150565,8.212,184776830,10077.8,189990532,187565935,35595549,33405788,703389,124964,5.629,150565,116233,1.295,552824,8731,63.317,0.7859,1632545,2137,763.942,13150,5185,0,145380,1282,0.0110,8980,0.0618,123422,1.062,5909,71205,2.115,5274,391,0.0741,63127,79068,196,0,382.9828;366.0743;369.4972;374.3546;385.9012;384.8687;389.6321;366.2683;366.2919;372.4523,1586.3330;1730.4600;1570.6539;1590.5485;1604.5920;1552.8843;1576.6760;1560.9722;1639.7365;1556.7758,396.5511;395.1371;386.7188;447.0286;367.1128;365.7523;392.7574;396.6665;383.5428;370.6752,108.9325;99.8520;99.4820;94.6187;100.6481;92.5147;99.7324;100.0900;99.0116;91.0315,505.4836;494.9891;486.2007;541.6473;467.7610;458.2670;492.4898;496.7565;482.5544;461.7067
brick,bldg6.ttl,15934,10,414.0593,6.1922,1765.1906,13.9938,4.2527,0.0124,406.0629,6.4144,127.3467,1.9540,529.0504,4.2373,1.2751,0.0161,262.4820,7.2892,false,false,false,15125,14656,469,0.031008,21047,20578,469,1963,168725,8.017,210177934,9986.1,215689690,213265093,39375794,37186149,798164,139295,5.730,168725,129538,1.303,629439,9757,64.512,0.7886,1858917,2533,733.880,15125,5922,0,162803,1430,0.0110,10251,0.0630,137822,1.064,6856,79291,2.128,5880,363,0.0617,70818,86234,203,0,420.4022;408.0179;400.6956;418.9401;414.3711;413.7475;421.3130;410.9873;422.8732;404.5693,1783.3047;1842.0255;1804.9845;1780.6915;1760.2539;1760.4310;1769.9502;1753.5995;1752.7039;1724.6257,408.4870;425.9450;419.8509;431.8894;405.7710;405.8294;406.2965;399.2260;400.0711;389.8979,127.3760;128.6348;127.9278;128.2421;121.9146;121.9248;122.6119;129.9665;127.3173;121.8843,535.8630;554.5798;547.7787;560.1315;527.6856;527.7542;528.9084;529.1925;527.3884;511.7822
brick,bldg7.ttl,2088,10,172.8715,3.9288,363.1987,5.5854,2.0937,0.0946,174.9513,6.7819,10.5246,0.3225,185.9380,7.1112,1.0674,0.0213,25.9698,0.8347,false,false,false,2201,2164,37,0.016811,3173,3136,37,1963,15003,4.728,16668828,5253.3,20226189,17801592,5804508,3614891,62988,11294,5.577,15003,10575,1.419,47985,719,66.739,0.7618,144616,471,307.040,2201,972,0,14031,72,0.0068,1215,0.0866,11717,1.108,1072,7499,2.001,712,211,0.2963,5161,9688,28,0,172.2491;186.8291;174.6816;180.8610;173.4938;166.7151;176.1758;168.3182;166.9431;170.0917,376.3481;350.9695;353.3048;360.7895;367.0553;365.6079;360.5729;368.8897;368.6785;352.3829,175.0559;182.3690;174.8466;184.2680;181.2703;166.4201;167.7065;170.3462;163.1709;181.1410,11.2606;11.0223;10.7128;10.3005;10.8172;10.3364;10.0378;10.1721;10.3090;11.5661,186.3165;193.3913;185.5595;194.5685;192.0875;176.7565;177.7443;180.5183;173.4799;192.7070
brick,bldg8.ttl,4324,10,235.9062,11.9790,627.4846,14.9070,2.7410,0.1078,228.2593,6.1034,16.6745,0.4628,244.5928,5.3575,1.0395,0.0314,69.7985,0.8830,false,false,false,4414,4347,67,0.015179,6296,6229,67,1963,44905,7.132,51243286,8139.0,55143703,52719106,12196323,10007795,197419,36477,5.412,44905,34124,1.316,152514,2353,64.817,0.7725,453538,812,558.544,4414,1882,0,43023,314,0.0092,2688,0.0625,36397,1.067,1961,22444,2.001,1866,300,0.1608,17204,28327,98,0,241.8582;253.4000;220.9396;243.9390;213.3175;229.9464;219.4046;229.9541;252.4418;244.8976,607.0252;619.1448;634.6765;675.3647;602.6294;618.1300;654.2669;635.4817;686.2521;620.2927,228.2881;220.7639;228.2305;228.5318;225.3964;222.2485;211.4276;234.4553;245.2911;237.8088,16.7548;18.8642;16.2747;16.1487;16.1300;16.5942;15.7659;16.9583;17.5927;16.9726,245.0429;239.6280;244.5052;244.6805;241.5263;238.8427;227.1935;251.4136;262.8838;254.7814
brick,bldg9.ttl,13810,10,390.8315,13.4876,1586.8363,20.3075,4.0533,0.1478,396.3746,8.9705,101.7024,2.8510,498.0912,10.0477,1.2617,0.0436,254.7968,6.5369,false,false,false,13195,12846,349,0.026449,18391,18042,349,1963,155591,8.460,189950252,10328.4,195164079,192739482,36514964,34325818,726821,129510,5.612,155591,120738,1.289,571230,8772,65.120,0.7859,1688813,2152,784.764,13195,5196,0,150395,1241,0.0103,8905,0.0592,127891,1.059,5914,75027,2.074,5406,435,0.0805,64218,82781,238,0,395.7287;380.3383;385.9343;403.6700;424.7112;420.3650;408.7328;377.7728;370.7743;376.9151,1592.1165;1633.0812;1575.8671;1607.7445;1606.5432;1605.1446;1554.0247;1552.5914;1559.5247;1581.5562,379.1570;396.3980;381.6862;396.3513;462.7412;388.7106;406.6516;401.7671;397.1637;379.3232,108.0942;105.0374;104.6410;102.4228;103.7998;98.8276;100.9820;98.8753;100.2445;96.8356,487.2512;501.4353;486.3271;498.7741;566.5410;487.5382;507.6336;500.6424;497.4083;476.1588
brick,smc.ttl,12167,10,345.9537,11.8178,1623.2380,46.5634,4.6656,0.2394,343.4051,6.4445,166.6535,6.7914,506.6782,3.6934,1.4964,0.0395,166.9819,3.9965,false,false,false,11189,10880,309,0.027616,15533,15224,309,1963,103179,6.643,121291813,7808.7,125685283,123260686,24078908,21887615,482796,82374,5.861,103179,76720,1.345,379617,5654,67.141,0.7863,1125124,2043,550.721,11189,4344,0,98835,803,0.0105,7142,0.0723,82860,1.080,5339,48168,2.142,3757,235,0.0625,41839,53336,162,0,328.2327;331.1824;337.0895;351.0714;324.7142;473.5305;413.3496;346.2820;352.6196;345.6253,1735.0215;1652.2644;1594.2116;1574.6687;1578.6805;1872.1490;1811.7200;1818.5385;1581.7730;1590.4987,331.3943;342.5665;333.7862;344.5814;332.5958;344.2437;447.5398;344.6090;327.0048;346.6752,178.2485;168.5339;173.4588;159.3650;155.0813;161.1015;171.1422;173.4309;164.7730;159.4362,509.6429;511.1004;507.2450;503.9465;487.6771;505.3452;618.6820;518.0399;491.7778;506.1114
s223,NIST-HPL.ttl,1237,10,50.6990,1.1727,110.2804,1.8192,2.1874,0.0290,50.4035,1.8239,9.3301,0.1905,59.7825,2.0890,1.1937,0.0148,8.5636,0.1073,false,false,false,2275,2264,11,0.004835,2959,2948,11,886,14080,4.758,4307711,1455.8,6809975,4936071,4234710,2507189,20482,12159,1.685,14080,10914,1.290,6402,1245,5.142,0.3126,33303,493,67.552,2275,684,0,13396,548,0.0502,2987,0.2230,12858,1.178,1297,10442,1.348,449,54,0.1203,777,10910,2,0,50.9800;52.3935;53.6990;50.4180;50.0260;47.2451;51.7645;51.0927;49.4191;47.7648,107.1530;114.3225;110.9760;110.5560;110.0048;112.6749;116.2042;109.7623;109.0365;103.8900,49.9523;54.2801;54.7705;50.4455;50.3615;47.6882;56.7047;50.9545;49.4709;47.3239,9.8602;9.3468;10.1288;9.1594;9.3910;8.6874;9.3135;9.2854;9.5404;8.8807,59.8125;63.6269;64.8994;59.6048;59.7524;56.3755;66.0182;60.2399;59.0113;56.2046
s223,NIST-IBAL.ttl,9625,10,221.4951,8.2080,597.3898,16.0659,2.7168,0.1351,220.1430,5.9617,11.4543,0.3140,231.7724,5.9989,1.0357,0.0348,43.1277,1.6658,false,false,false,12155,12074,81,0.006664,16394,16313,81,886,84679,5.165,29799120,1817.7,33422384,31548480,15596571,13870162,138498,73301,1.889,84679,65091,1.301,53819,8210,6.555,0.3886,236315,2005,117.863,12155,4239,0,80440,3485,0.0535,18419,0.2290,76661,1.178,7256,59241,1.429,3299,1021,0.3095,8973,61243,26,0,209.6976;207.6153;224.6055;227.6585;218.3847;233.0416;228.9783;224.9181;210.7799;212.5622,617.6182;622.6232;580.1438;587.8296;622.9118;621.8245;585.3780;582.5041;606.9500;587.8192,219.9545;221.4135;220.3315;210.3613;208.9068;225.9588;226.1147;212.4880;210.6147;226.0948,11.5324;11.2941;11.7264;13.1805;10.8833;11.8540;11.6151;11.3762;11.0983;11.0364,231.4869;232.7075;232.0579;223.5417;219.7902;237.8127;237.7298;223.8642;221.7131;237.1312
s223,design-patterns.ttl,632,10,33.4806,0.9561,51.5094,0.8138,1.5524,0.0192,34.3132,1.1791,4.8710,0.0753,39.1562,1.2348,1.1557,0.0260,3.8026,0.0269,false,false,false,1011,977,34,0.033630,1365,1331,34,886,4169,3.054,1309815,959.6,3713352,1839448,2752233,1025383,5727,3515,1.629,4169,3155,1.321,1558,360,4.328,0.2720,9086,209,43.474,1011,354,0,3815,73,0.0231,723,0.1895,3713,1.177,487,2999,1.390,83,25,0.3012,206,3155,0,0,34.1499;34.6744;32.7862;32.5615;32.4875;32.4613;32.8113;34.3517;36.5872;36.2997,52.5506;55.4325;51.0902;51.7793;51.2394;50.6509;50.7402;51.0429;56.3355;54.4651,38.5382;34.7575;33.5352;34.0319;32.7330;32.6800;32.6034;36.3882;34.5945;34.8675,5.4662;4.9241;4.7737;4.7977;4.7937;4.8538;4.8185;5.4292;4.8882;5.1060,44.0044;39.6816;38.3089;38.8296;37.5267;37.5339;37.4219;41.8174;39.4827;39.9735
s223,guideline36-2021-A-1.ttl,146,10,30.9023,0.8980,41.2127,1.2514,1.3301,0.0199,30.9888,0.7420,0.7626,0.0165,31.7596,0.7698,1.0277,0.0177,3.4138,0.0370,false,false,false,469,461,8,0.017058,597,589,8,886,2494,4.178,823963,1380.2,3133303,1259399,2493238,766425,3546,2219,1.598,2494,1921,1.298,1052,298,3.530,0.2967,5778,246,23.488,469,128,0,2366,60,0.0312,483,0.2041,2200,1.145,221,1886,1.322,75,27,0.3600,96,1921,0,0,33.5010;30.0168;30.1421;31.9220;30.4449;29.9465;30.5024;31.8129;31.3022;32.8909,43.9763;42.0999;39.9487;42.8585;40.0989;39.9739;39.8888;40.3255;42.4262;46.3023,32.3214;31.2871;30.1115;31.3551;30.3481;30.1455;30.6904;30.4505;34.0753;33.4257,0.8154;0.7635;0.7524;0.7618;0.7408;0.7452;0.7782;0.7545;0.8027;0.8333,33.1368;32.0506;30.8639;32.1169;31.0889;30.8906;31.4686;31.2050;34.8780;34.2590
s223,guideline36-2021-A-2.ttl,292,10,33.2892,0.7035,59.7088,2.4099,1.7485,0.0139,33.9692,0.8766,1.0458,0.0196,35.0033,0.8791,1.0450,0.0222,4.0008,0.0419,false,false,false,759,752,7,0.009223,974,967,7,886,4065,4.174,1523274,1563.9,3882275,2008371,2728603,1002847,6248,3514,1.778,4065,3067,1.325,2183,447,4.884,0.3494,10567,289,36.564,759,215,0,3850,132,0.0430,848,0.2203,3593,1.172,371,2957,1.375,158,43,0.2722,246,3067,0,0,33.6747;34.2265;32.7089;32.6294;32.9038;32.2308;32.5421;33.7752;34.6703;35.8287,58.7315;61.5707;56.7809;60.6861;57.3663;56.5000;56.4137;60.8945;63.9502;62.1861,38.1373;34.6596;33.9270;33.7920;32.6126;32.3360;32.9958;34.7490;34.0115;35.1251,1.1396;1.0746;1.0168;1.0311;1.0402;1.0214;1.0434;1.0483;1.0513;1.0862,39.2769;35.7342;34.9438;34.8232;33.6528;33.3574;34.0392;35.7973;35.0628;36.2113
s223,guideline36-2021-A-3.ttl,391,10,35.8428,0.7604,63.9138,0.7379,1.8109,0.0459,35.5641,0.3975,1.3022,0.0430,36.8544,0.4415,1.0425,0.0159,5.0383,0.1351,false,false,false,937,927,10,0.010672,1210,1200,10,886,4920,4.066,1919282,1586.2,4311644,2437740,2865056,1139685,7730,4248,1.820,4920,3694,1.332,2810,554,5.072,0.3635,13180,314,41.975,937,273,0,4647,171,0.0463,1053,0.2266,4351,1.178,454,3517,1.399,192,53,0.2760,346,3694,0,0,36.9410;35.6752;35.2505;36.0105;34.1242;37.5782;36.6570;35.1363;34.6831;36.2531,63.3718;65.7042;63.0342;63.3176;63.3851;66.3508;70.6092;67.1388;63.5982;64.2294,36.2455;35.4688;35.6911;35.6594;35.1572;38.3968;38.1506;35.3899;34.8545;35.1760,1.3348;1.2584;1.3840;1.3222;1.2434;1.3901;1.3228;1.2822;1.2600;1.2491,37.5803;36.7272;37.0751;36.9815;36.4006;39.7869;39.4734;36.6720;36.1145;36.4251
s223,guideline36-2021-A-4.ttl,402,10,35.1984,0.3776,64.7623,1.3426,1.8364,0.0318,35.4955,0.6354,1.2822,0.0150,36.7631,0.6285,1.0463,0.0135,5.3276,0.0682,false,false,false,968,956,12,0.012397,1250,1238,12,886,5096,4.077,1968344,1574.7,4366173,2492269,2890056,1164767,7933,4400,1.803,5096,3835,1.329,2837,565,5.021,0.3576,13453,318,42.305,968,282,0,4814,175,0.0456,1083,0.2250,4510,1.176,468,3656,1.394,196,53,0.2704,348,3835,0,0,35.2037;35.1932;39.8652;36.4967;36.8006;34.7402;35.0808;35.0825;34.8357;35.5909,63.2998;63.5398;66.5288;69.9012;68.0324;63.9534;65.5713;63.6258;63.8147;72.4924,35.0455;35.6262;34.7102;38.7542;37.4526;35.7746;35.3648;34.9818;34.7384;36.9922,1.2825;1.2820;1.2992;1.5428;1.3515;1.2738;1.2533;1.2781;1.2692;1.3252,36.3281;36.9081;36.0094;40.2971;38.8041;37.0484;36.6181;36.2599;36.0076;38.3174
s223,guideline36-2021-A-7.ttl,244,10,31.5833,0.9459,46.5266,1.4347,1.4371,0.0195,31.1653,0.5186,1.2426,0.0310,32.3774,0.5289,1.0368,0.0072,3.8275,0.0549,false,false,false,615,607,8,0.013008,789,781,8,886,3298,4.180,1155845,1464.9,3493910,1620006,2622399,896027,4778,2919,1.637,3298,2538,1.299,1480,381,3.885,0.3098,7814,265,29.487,615,174,0,3124,83,0.0327,646,0.2068,2928,1.154,300,2446,1.348,101,42,0.4158,185,2538,0,0,35.3019;33.3993;32.4427;32.3479;30.6381;30.6367;30.6083;30.6383;30.8187;34.3317,46.6974;48.7848;46.4324;47.3723;43.8973;43.8098;44.1183;44.5030;47.3389;46.6207,31.5650;33.3393;32.3939;30.9387;31.3918;30.8588;30.7146;30.5788;30.5005;32.7995,1.2448;1.2637;1.2689;1.1940;1.2303;1.2070;1.1595;1.2403;1.3225;1.2972,32.8099;34.6030;33.6627;32.1327;32.6221;32.0658;31.8741;31.8192;31.8230;34.0967
s223,guideline36-2021-A-8.ttl,232,10,30.5084,0.8160,44.6807,1.3422,1.4352,0.0172,30.3935,0.3820,1.2126,0.0344,31.5885,0.3988,1.0483,0.0108,3.8358,0.0526,false,false,false,607,599,8,0.013180,778,770,8,886,3180,4.087,1122187,1442.4,3458011,1584107,2605539,879246,4647,2815,1.651,3180,2437,1.305,1467,378,3.881,0.3157,7646,265,28.853,607,171,0,3009,79,0.0324,628,0.2087,2815,1.155,292,2345,1.356,97,42,0.4330,185,2437,0,0,32.3268;33.0846;32.5127;31.9333;30.1263;30.4241;30.5927;29.8167;29.9619;29.5680,46.2658;45.0274;46.0993;45.2461;43.3581;44.3340;43.4062;43.3019;43.3189;47.5724,32.3348;33.2873;33.3381;30.1207;30.3137;29.9024;30.4733;30.1389;30.2738;32.0517,1.2910;1.4853;1.3060;1.1787;1.2037;1.1776;1.1864;1.1812;1.2215;1.2787,33.6258;34.7726;34.6441;31.2994;31.5173;31.0800;31.6597;31.3200;31.4953;33.3305
s223,guideline36-2021-A-9.ttl,1668,10,60.7137,2.1690,170.0165,3.7807,2.8114,0.0459,59.0718,1.1612,3.3385,0.0297,62.4205,1.1475,1.0550,0.0116,13.0531,0.3352,false,false,false,2640,2602,38,0.014394,3481,3443,38,886,17081,4.907,7072381,2031.7,9780932,7907028,4764052,3038547,27844,14711,1.893,17081,12931,1.321,10763,1780,6.047,0.3865,47646,606,78.624,2640,841,0,16240,724,0.0560,3778,0.2326,15269,1.181,1462,12012,1.422,694,166,0.2392,1624,12829,10,0,60.6395;58.2490;61.2544;63.8204;61.6024;57.6948;68.4170;58.8403;57.7016;60.7878,168.5496;161.2538;171.2295;168.8035;229.8041;176.1041;173.7275;166.3685;164.3625;173.8670,59.2106;57.9513;58.0133;60.2738;62.2076;57.7728;61.3723;58.9329;58.1052;61.3629,3.3619;3.3413;3.3042;3.3140;3.4740;3.2482;3.4540;3.3356;3.3133;3.4965,62.5725;61.2927;61.3175;63.5877;65.6816;61.0210;64.8264;62.2685;61.4185;64.8594
s223,lbnl-bdg3-1.ttl,27735,10,456.2747,7.7112,1794.3606,15.9480,3.9524,0.0559,460.7584,9.6022,98.9805,2.3239,563.3329,10.3240,1.2412,0.0501,103.7468,3.0822,false,false,false,22838,21956,882,0.038620,32112,31230,882,886,158563,4.938,62285986,1939.6,67986676,66112772,28194585,26467278,266626,139682,1.909,158563,119055,1.332,108063,20627,5.239,0.4053,448899,3412,131.565,22838,9274,0,149289,6569,0.0552,33529,0.2246,139933,1.175,12245,106154,1.494,5712,1081,0.1893,20366,109115,58,0,446.7253;454.7523;453.2757;468.1249;518.4525;463.3083;453.7283;447.8860;457.7971;479.1492,1782.2777;1803.8961;1805.4222;1751.4098;1752.1425;1796.6384;1792.0828;1771.4253;1844.3103;1814.1738,453.5105;467.3916;476.3137;462.0468;448.8019;441.9118;457.6731;479.8243;478.6900;459.4700,110.3325;97.3930;109.2539;94.0862;99.7202;101.4108;105.1498;98.2408;98.0909;96.7630,563.8429;564.7846;585.5675;556.1330;548.5221;543.3226;562.8229;578.0651;576.7809;556.2330
s223,lbnl-bdg4-1.ttl,16132,10,303.3880,10.2595,1315.7543,17.1654,4.3333,0.1156,296.6211,4.9365,120.9476,2.9751,418.6313,5.7987,1.4057,0.0522,114.6288,3.5931,false,false,false,20333,19461,872,0.042886,27505,26633,872,886,158211,5.752,78573953,2856.7,84431689,82557785,28077089,26350628,304241,138012,2.204,158211,121016,1.307,146030,16996,8.592,0.4800,560982,2748,204.142,20333,7172,0,151039,5632,0.0465,29674,0.1965,140347,1.160,11811,108433,1.459,6155,963,0.1565,21085,111658,75,0,316.9151;307.9452;292.6280;303.1128;308.5346;425.5428;289.7024;293.6289;303.6631;290.2265,1336.5153;1346.4537;1318.5189;1301.6603;1313.9738;1317.5348;1291.9854;1306.1907;1295.5174;1344.3569,295.1680;292.3497;303.2126;308.8250;291.7782;291.7163;301.5893;319.0679;291.0220;298.0741,130.6302;118.5816;118.0456;126.3160;122.4227;118.6808;117.8995;124.7256;126.7519;119.4726,425.7983;410.9313;421.2582;435.1410;414.2009;410.3972;419.4888;443.7935;417.7739;417.5467
s223,lbnl-example-radiant.ttl,2729,10,62.0522,2.5102,126.8170,4.9772,2.1041,0.0271,59.2587,2.8915,27.5441,0.8865,86.1952,3.4179,1.4318,0.0406,9.0729,0.6558,false,false,false,4238,4091,147,0.034686,6438,6291,147,886,22279,3.461,3635335,564.7,6307737,4433833,5272657,3543219,22835,18350,1.244,22279,18071,1.233,556,279,1.993,0.0243,26640,779,34.198,4238,2200,0,20079,1,0.0001,2002,0.0997,19931,1.103,1861,18034,1.235,19,11,0.5789,48,18071,0,0,58.9205;64.7149;60.3607;59.1479;64.4420;63.7438;59.5298;55.9829;63.9569;64.5502,120.3759;130.6345;127.0885;126.1647;120.2029;134.4138;126.5455;125.8905;132.9540;135.7271,55.8068;63.1324;64.4240;59.2793;56.5323;64.4945;59.2382;56.3338;56.4006;60.1173,26.7045;28.5260;28.8507;26.3256;28.2593;28.2628;27.5472;26.6107;26.2094;27.5410,82.5114;91.6585;93.2747;85.6049;84.7916;92.7573;86.7854;82.9445;82.6100;87.6583
s223,nist-bdg1-1.ttl,3103,10,76.2910,2.0187,229.3070,4.3558,2.9843,0.0585,77.9970,2.6769,0.0003,0.0000,77.9973,2.6768,1.0016,0.0285,18.6818,0.2440,true,true,true,4206,4206,0,0.000000,5622,5622,0,886,26585,4.729,11020667,1960.3,13925512,12051608,6235763,4512410,45669,22728,2.009,26585,19671,1.351,19084,3057,6.243,0.4179,80113,913,87.747,4206,1416,0,25169,1068,0.0543,6245,0.2481,23626,1.201,2369,18161,1.464,871,151,0.1734,2612,19016,19,0,77.3527;73.3152;79.7707;76.0673;79.5593;76.5148;75.8007;81.1051;75.3915;72.0990,231.8311;223.1788;233.4933;226.0378;220.6278;232.0042;221.2982;238.9733;233.8323;226.7828,75.7738;72.2647;81.4827;71.6367;80.9555;80.2080;71.9090;78.6213;77.3727;80.3921,0.0003;0.0003;0.0003;0.0003;0.0003;0.0004;0.0003;0.0004;0.0003;0.0004,75.7741;72.2650;81.4830;71.6370;80.9558;80.2085;71.9093;78.6217;77.3730;80.3925
s223,nrel-example.ttl,10221,10,193.2819,5.7089,916.9952,17.6726,4.7400,0.0951,194.3186,7.5301,53.5194,1.9670,248.6108,8.9442,1.3009,0.0512,45.4077,1.4371,false,false,false,17222,16944,278,0.016142,22675,22397,278,886,105513,4.653,28430487,1253.8,32430997,30557093,17895030,16167394,142864,88905,1.607,105513,82152,1.284,37351,6753,5.531,0.2614,222029,2320,95.702,17222,5453,0,100060,2969,0.0361,19350,0.1934,95702,1.165,10421,79346,1.330,3370,251,0.0745,4479,80501,25,0,195.5398;189.2068;193.9667;209.3200;181.9560;202.1142;194.3542;182.3187;192.5971;185.9392,933.5465;913.5773;898.2013;985.0027;945.0538;931.4094;911.6873;920.4131;893.3111;897.5019,208.2251;199.3908;180.5009;207.5412;195.7052;190.6188;192.9320;190.3523;204.3067;182.0200,62.5861;53.6642;50.7659;53.3746;52.5826;58.3151;55.0012;51.4155;55.3495;50.9351,270.8112;253.0550;231.2668;260.9158;248.2877;248.9339;247.9333;241.7678;259.6562;232.9551
s223,pnnl-bdg1-2.ttl,1140,10,42.5949,1.9819,74.3544,2.6080,1.7735,0.0204,42.3461,0.5080,5.3318,0.1547,47.6779,0.8941,1.1180,0.0185,6.3348,0.0474,false,false,false,1412,1365,47,0.033286,1939,1892,47,886,7821,4.034,2516538,1297.9,4966962,3093058,3348935,1621093,11408,6883,1.657,7821,6009,1.302,3587,874,4.104,0.3144,18460,450,41.022,1412,527,0,7294,169,0.0281,1428,0.1958,6942,1.155,766,5652,1.384,152,35,0.2303,470,6005,1,0,44.5020;42.8645;42.6425;40.0641;39.9554;45.2490;44.9241;42.5472;41.3230;40.5382,77.9738;75.8285;71.7102;71.7827;71.8295;80.4543;78.7998;75.6896;71.3847;73.0192,42.9442;42.5183;42.1739;40.6719;40.3057;43.8193;42.5335;42.7442;41.9282;40.2497,5.9174;5.3385;5.3251;5.1452;5.0400;5.3632;5.4489;5.4547;5.1450;5.1327,48.8616;47.8568;47.4990;45.8171;45.3457;49.1825;47.9825;48.1989;47.0733;45.3824
s223,pnnl-bdg2-1.ttl,57853,10,2635.5559,38.0891,4430.2412,49.0772,1.6766,0.0296,2624.3637,24.8747,346.2568,14.9712,2960.4487,23.4003,1.1317,0.0206,217.3215,10.0518,false,false,false,52008,49236,2772,0.053299,72717,69945,2772,886,323392,4.447,126558906,1740.4,136423134,134549230,57261433,55531533,551601,287433,1.919,323392,245110,1.319,228209,42323,5.392,0.4137,964046,8861,108.797,52008,20709,0,302683,9192,0.0375,65056,0.2149,287704,1.174,29318,220210,1.469,7390,876,0.1185,32433,221716,21,0,2533.5895;3410.2188;2601.5039;2648.6878;2622.4240;2682.3967;2549.6720;2677.6821;2664.8666;2610.1429,4357.7607;4495.7811;4353.7711;4528.9145;4464.8610;4378.2750;4465.2528;4447.4563;4413.0260;4384.0529,2538.0288;3030.8472;2643.1932;2593.3933;2633.3975;2719.4934;2593.4438;2615.3299;2637.3430;2614.5078,376.9190;377.7930;333.1840;332.5588;343.7473;449.5333;348.9396;323.9787;348.7663;330.0124,2914.9478;3408.6401;2976.3772;2925.9521;2977.1448;3169.0266;2942.3834;2939.3086;2986.1092;2944.5202
s223,pnnl-bdg3-2.ttl,51204,10,835.8306,22.3021,2428.7721,39.6635,2.9228,0.0492,845.7210,24.7171,300.0015,6.2345,1152.8083,38.2328,1.3849,0.0338,206.5188,20.7101,false,false,false,47312,44894,2418,0.051108,66130,63712,2418,886,292831,4.428,111106427,1680.1,120343043,118469139,51704555,49974879,486044,260403,1.867,292831,223732,1.309,193213,36671,5.269,0.3975,838521,8401,99.812,47312,18818,0,274013,7454,0.0333,56283,0.2054,261291,1.168,26813,202517,1.446,6195,736,0.1188,27228,203883,21,0,894.3277;820.7300;864.3365;851.9290;832.0933;827.6309;839.5680;798.0126;796.9428;1124.8236,2503.3411;2468.4656;2530.5674;2457.3913;2427.8727;2427.7525;2429.6715;2389.1387;2377.1268;2366.7168,870.0791;859.8668;845.4858;845.9562;1027.4569;837.7026;1095.0254;808.5032;795.0504;820.6448,376.5708;301.3257;318.9496;298.4679;288.5685;291.7475;280.2297;301.0419;304.2165;298.9611,1246.6499;1161.1924;1164.4353;1144.4241;1316.0255;1129.4501;1375.2551;1109.5451;1099.2669;1119.6059
s223,scb-vrf.ttl,12058,10,250.8630,7.0309,678.3324,5.9421,2.7454,0.0219,257.0510,7.2637,180.1106,3.6943,439.3496,12.7088,1.7550,0.0535,36.2428,0.2173,false,false,false,12728,11715,1013,0.079588,17503,16490,1013,886,75515,4.314,20928716,1195.7,24935414,23061510,13836708,12109262,98542,65899,1.495,75515,60556,1.247,23027,5343,4.310,0.2337,143739,1955,73.524,12728,4775,0,70740,1361,0.0225,11212,0.1585,68755,1.135,6573,57794,1.307,1156,293,0.2535,4019,59294,25,0,250.3482;265.0746;259.0029;260.5587;243.0569;244.0201;255.3368;251.3778;243.6442;244.1227,683.2511;722.6620;674.6350;669.8640;673.2820;678.6227;700.0312;691.0644;671.4986;678.0420,269.8210;271.4551;257.6012;261.4382;252.1211;250.3227;256.5008;246.0702;264.8501;247.0179,204.0708;191.7350;201.2135;177.3099;176.3101;189.6284;176.5225;177.4099;182.3887;177.8325,473.8918;463.1901;458.8147;438.7481;428.4312;439.9511;433.0233;423.4801;447.2388;424.8504
