suite,model,triples,engine,best_inference_seconds,best_infer_plus_validation_seconds,runs,conforms,inferred_triples
brick,bldg11.ttl,8608,TopQuadrant,75.07724324503215,90.58137146895751,5,False,64273
brick,bldg11.ttl,8608,pySHACL,170.6330945569789,299.12339314603014,5,False,48099
brick,bldg11.ttl,8608,pyshifty,3.318367328029126,3.9116339900065213,5,False,26959
brick,bldg16.ttl,90,TopQuadrant,34.58336537197465,44.82348343002377,5,False,28907
brick,bldg16.ttl,90,pySHACL,60.5358870929922,135.512049197976,5,False,13292
brick,bldg16.ttl,90,pyshifty,2.414362024050206,2.6056927769677714,5,False,855
brick,bldg19.ttl,304,TopQuadrant,35.06848988402635,44.92352952098008,5,False,29502
brick,bldg19.ttl,304,pySHACL,62.23361841600854,138.3120674950187,5,False,13877
brick,bldg19.ttl,304,pyshifty,2.391438725986518,2.5801245739567094,5,False,1352
brick,bldg24.ttl,16,TopQuadrant,34.17485934100114,43.536531382997055,5,False,28581
brick,bldg24.ttl,16,pySHACL,59.527883793984074,133.98158819199307,5,False,12982
brick,bldg24.ttl,16,pyshifty,2.7594253849820234,2.8866296709747985,5,False,535
brick,bldg25.ttl,113,TopQuadrant,34.59024499903899,45.02070083795115,5,False,28933
brick,bldg25.ttl,113,pySHACL,60.780726547993254,135.83344099100213,5,False,13332
brick,bldg25.ttl,113,pyshifty,2.423868237005081,2.611536637006793,5,False,937
brick,bldg30.ttl,2924,TopQuadrant,43.532510167045984,53.16044579696609,5,False,40549
brick,bldg30.ttl,2924,pySHACL,91.33933123300085,182.66029817803064,5,False,24942
brick,bldg30.ttl,2924,pyshifty,2.6625723829492927,2.903305426996667,5,False,9243
brick,bldg31.ttl,31,TopQuadrant,42.95077842398314,52.75427348702215,5,False,28744
brick,bldg31.ttl,31,pySHACL,59.72257032105699,134.50923374196282,5,False,13038
brick,bldg31.ttl,31,pyshifty,2.4082833530264907,2.591069625050295,5,False,632
brick,bldg37.ttl,10962,TopQuadrant,71.3715606899932,85.76761749602156,5,False,81513
brick,bldg37.ttl,10962,pySHACL,216.79637698701117,349.6644921100233,5,False,63670
brick,bldg37.ttl,10962,pyshifty,4.225758043990936,4.546027808974031,5,False,40208
brick,bldg4.ttl,928,TopQuadrant,45.9594075329951,56.54845179000404,5,False,32011
brick,bldg4.ttl,928,pySHACL,69.73027932702098,149.01860949100228,5,False,16269
brick,bldg4.ttl,928,pyshifty,2.461299247050192,2.6741543079842813,5,False,3183
brick,bldg8.ttl,1000,TopQuadrant,37.48964398202952,46.67821033101063,5,False,32112
brick,bldg8.ttl,1000,pySHACL,70.87366821902106,150.49043952999637,5,False,16501
brick,bldg8.ttl,1000,pyshifty,2.478349798009731,2.6846050010062754,5,False,3324
s223,NIST-HPL.ttl,829,TopQuadrant,29.498414873029105,36.56082995602628,5,False,408
s223,NIST-HPL.ttl,829,pySHACL,17.17477098898962,121.43860594398575,5,False,160
s223,NIST-HPL.ttl,829,pyshifty,1.351690161973238,1.4319724950473756,5,False,408
s223,guideline36-2021-A-1.ttl,102,TopQuadrant,28.810874070972204,35.45550148800248,5,True,44
s223,guideline36-2021-A-1.ttl,102,pySHACL,9.10710119601572,102.91907013300806,5,True,16
s223,guideline36-2021-A-1.ttl,102,pyshifty,1.2747218899894506,1.3760391090181656,5,False,44
s223,guideline36-2021-A-4.ttl,257,TopQuadrant,29.10224025399657,35.6188636450097,5,True,145
s223,guideline36-2021-A-4.ttl,257,pyshifty,1.3119855539989658,1.412815891962964,5,False,145
s223,guideline36-2021-A-9.ttl,1060,TopQuadrant,29.930251525947824,36.88637915404979,5,True,608
s223,guideline36-2021-A-9.ttl,1060,pyshifty,1.405642172030639,1.5465275289607234,5,False,608
s223,lbnl-bdg3-1.ttl,26571,TopQuadrant,14.0522510149749,24.674554279015865,5,False,1164
s223,lbnl-bdg3-1.ttl,26571,pyshifty,3.1555378700140864,2.9320108179817908,5,False,1164
s223,lbnl-bdg4-1.ttl,10568,TopQuadrant,36.12623216200154,45.40662403299939,5,False,5564
s223,lbnl-bdg4-1.ttl,10568,pyshifty,2.1719390189973637,2.4138249449897557,5,False,5564
s223,lbnl-example-radiant.ttl,1709,TopQuadrant,16.110582055000123,22.900388650014065,5,False,1020
s223,lbnl-example-radiant.ttl,1709,pySHACL,35.42778235999867,165.43168436404085,5,False,1020
s223,lbnl-example-radiant.ttl,1709,pyshifty,1.3876525410450995,1.482354370993562,5,False,1020
s223,nrel-example.ttl,8130,TopQuadrant,34.801159191993065,42.148172790999524,5,True,2091
s223,nrel-example.ttl,8130,pyshifty,2.3341094230418094,2.5269188079982996,5,False,2091
s223,pnnl-bdg2-1.ttl,34810,TopQuadrant,49.895621131989174,99.22489557904191,5,False,23043
s223,pnnl-bdg2-1.ttl,34810,pyshifty,3.7809496319969185,4.570599328028038,5,False,23043
