suite,model,triples,engine,run,inference_seconds,infer_plus_validation_seconds,conforms,inferred_triples,error
brick,bldg24.ttl,16,pyshifty,1,2.8649067449732684,2.9431862750207074,False,535,
brick,bldg24.ttl,16,pyshifty,2,2.766858534014318,2.8866296709747985,False,535,
brick,bldg24.ttl,16,pyshifty,3,2.7594253849820234,2.9745504750171676,False,535,
brick,bldg24.ttl,16,pyshifty,4,2.8398160790093243,3.0457326369942166,False,535,
brick,bldg24.ttl,16,pyshifty,5,2.8135891639976762,3.027966034016572,False,535,
brick,bldg24.ttl,16,pySHACL,1,63.47361519100377,141.23197194503155,False,12982,
brick,bldg24.ttl,16,pySHACL,2,61.84827150701312,139.41217458603205,False,12982,
brick,bldg24.ttl,16,pySHACL,3,61.583948276005685,139.63697937398683,False,12982,
brick,bldg24.ttl,16,pySHACL,4,61.74029065697687,136.5089232850005,False,12982,
brick,bldg24.ttl,16,pySHACL,5,59.527883793984074,133.98158819199307,False,12982,
brick,bldg24.ttl,16,TopQuadrant,1,35.02136072301073,43.536531382997055,False,28581,
brick,bldg24.ttl,16,TopQuadrant,2,34.17485934100114,43.896829831996,False,28581,
brick,bldg24.ttl,16,TopQuadrant,3,34.46967299998505,44.30177131999517,False,28581,
brick,bldg24.ttl,16,TopQuadrant,4,34.25639046198921,44.226812833047006,False,28581,
brick,bldg24.ttl,16,TopQuadrant,5,34.36703140602913,44.022130363970064,False,28581,
brick,bldg31.ttl,31,pyshifty,1,2.4082833530264907,2.5988136460073292,False,632,
brick,bldg31.ttl,31,pyshifty,2,2.410394673992414,2.5981204159907065,False,632,
brick,bldg31.ttl,31,pyshifty,3,2.4105417000246234,2.6117183009628206,False,632,
brick,bldg31.ttl,31,pyshifty,4,2.4132991649676114,2.591069625050295,False,632,
brick,bldg31.ttl,31,pyshifty,5,2.413090843008831,2.600141046976205,False,632,
brick,bldg31.ttl,31,pySHACL,1,59.7533189089736,134.5496074850089,False,13038,
brick,bldg31.ttl,31,pySHACL,2,59.785060870985035,134.56237813603366,False,13038,
brick,bldg31.ttl,31,pySHACL,3,59.788519340974744,134.64309055701597,False,13038,
brick,bldg31.ttl,31,pySHACL,4,59.72257032105699,134.50923374196282,False,13038,
brick,bldg31.ttl,31,pySHACL,5,59.7287406650139,134.6310545920278,False,13038,
brick,bldg31.ttl,31,TopQuadrant,1,42.95077842398314,52.78442384302616,False,28744,
brick,bldg31.ttl,31,TopQuadrant,2,42.97815478098346,52.75427348702215,False,28744,
brick,bldg31.ttl,31,TopQuadrant,3,43.08689938299358,52.81121112505207,False,28744,
brick,bldg31.ttl,31,TopQuadrant,4,43.145000121963676,52.943138505041134,False,28744,
brick,bldg31.ttl,31,TopQuadrant,5,43.086751786991954,53.34689118200913,False,28744,
brick,bldg16.ttl,90,pyshifty,1,2.414362024050206,2.6056927769677714,False,855,
brick,bldg16.ttl,90,pyshifty,2,2.436190098989755,2.617198380001355,False,855,
brick,bldg16.ttl,90,pyshifty,3,2.4294401020160876,2.619468529999722,False,855,
brick,bldg16.ttl,90,pyshifty,4,2.4168732370017096,2.610406955005601,False,855,
brick,bldg16.ttl,90,pyshifty,5,2.418399761954788,2.624691633041948,False,855,
brick,bldg16.ttl,90,pySHACL,1,60.75583442300558,135.67867437197128,False,13292,
brick,bldg16.ttl,90,pySHACL,2,60.5358870929922,135.62057309300872,False,13292,
brick,bldg16.ttl,90,pySHACL,3,60.77160467999056,135.512049197976,False,13292,
brick,bldg16.ttl,90,pySHACL,4,60.62777762999758,135.699204250006,False,13292,
brick,bldg16.ttl,90,pySHACL,5,60.60744314297335,135.6456554090255,False,13292,
brick,bldg16.ttl,90,TopQuadrant,1,34.81662536901422,45.09331873402698,False,28907,
brick,bldg16.ttl,90,TopQuadrant,2,34.69890259200474,45.33031817502342,False,28907,
brick,bldg16.ttl,90,TopQuadrant,3,34.69480638502864,44.84710182598792,False,28907,
brick,bldg16.ttl,90,TopQuadrant,4,34.58336537197465,44.82348343002377,False,28907,
brick,bldg16.ttl,90,TopQuadrant,5,35.05615012795897,45.2711707589915,False,28907,
brick,bldg25.ttl,113,pyshifty,1,2.4257699190056883,2.6125843779882416,False,937,
brick,bldg25.ttl,113,pyshifty,2,2.430682899954263,2.619531699048821,False,937,
brick,bldg25.ttl,113,pyshifty,3,2.440110013994854,2.611536637006793,False,937,
brick,bldg25.ttl,113,pyshifty,4,2.423868237005081,2.6178517029620707,False,937,
brick,bldg25.ttl,113,pyshifty,5,2.4309125700383447,2.6225949359941296,False,937,
brick,bldg25.ttl,113,pySHACL,1,60.83768631896237,135.91888373502297,False,13332,
brick,bldg25.ttl,113,pySHACL,2,60.862140237004496,135.9376064889948,False,13332,
brick,bldg25.ttl,113,pySHACL,3,60.812485506990924,135.83344099100213,False,13332,
brick,bldg25.ttl,113,pySHACL,4,60.8390311539988,135.90756966802292,False,13332,
brick,bldg25.ttl,113,pySHACL,5,60.780726547993254,135.90255132399034,False,13332,
brick,bldg25.ttl,113,TopQuadrant,1,34.59024499903899,45.02070083795115,False,28933,
brick,bldg25.ttl,113,TopQuadrant,2,34.91868460504338,45.35773007798707,False,28933,
brick,bldg25.ttl,113,TopQuadrant,3,34.992460253008176,45.2334465959575,False,28933,
brick,bldg25.ttl,113,TopQuadrant,4,34.94124022399774,45.19771212799242,False,28933,
brick,bldg25.ttl,113,TopQuadrant,5,34.80989757500356,45.097740946977865,False,28933,
brick,bldg19.ttl,304,pyshifty,1,2.39399409602629,2.592284521961119,False,1352,
brick,bldg19.ttl,304,pyshifty,2,2.391438725986518,2.601921019027941,False,1352,
brick,bldg19.ttl,304,pyshifty,3,2.397524295025505,2.5801245739567094,False,1352,
brick,bldg19.ttl,304,pyshifty,4,2.398417819989845,2.6007714539882727,False,1352,
brick,bldg19.ttl,304,pyshifty,5,2.404712953022681,2.5912944150040857,False,1352,
brick,bldg19.ttl,304,pySHACL,1,62.39231199299684,138.35290211101528,False,13877,
brick,bldg19.ttl,304,pySHACL,2,62.23361841600854,138.40107196598547,False,13877,
brick,bldg19.ttl,304,pySHACL,3,62.29580366198206,138.37744539702544,False,13877,
brick,bldg19.ttl,304,pySHACL,4,62.325979686982464,138.3120674950187,False,13877,
brick,bldg19.ttl,304,pySHACL,5,62.29225627298001,138.42801175400382,False,13877,
brick,bldg19.ttl,304,TopQuadrant,1,35.390854230034165,45.04259427799843,False,29502,
brick,bldg19.ttl,304,TopQuadrant,2,35.21774816000834,45.162758606951684,False,29502,
brick,bldg19.ttl,304,TopQuadrant,3,35.338208514032885,45.05939125199802,False,29502,
brick,bldg19.ttl,304,TopQuadrant,4,35.06848988402635,45.16171309596393,False,29502,
brick,bldg19.ttl,304,TopQuadrant,5,35.220369227055926,44.92352952098008,False,29502,
brick,bldg4.ttl,928,pyshifty,1,2.4850628820131533,2.691193373990245,False,3183,
brick,bldg4.ttl,928,pyshifty,2,2.46354223304661,2.6756720029516146,False,3183,
brick,bldg4.ttl,928,pyshifty,3,2.481429088045843,2.6788643989712,False,3183,
brick,bldg4.ttl,928,pyshifty,4,2.461299247050192,2.6741543079842813,False,3183,
brick,bldg4.ttl,928,pyshifty,5,2.471080365998205,2.700945048010908,False,3183,
brick,bldg4.ttl,928,pySHACL,1,69.90854807198048,149.15954987198347,False,16269,
brick,bldg4.ttl,928,pySHACL,2,69.81180796498666,149.29741989297327,False,16269,
brick,bldg4.ttl,928,pySHACL,3,69.73027932702098,149.1419553249725,False,16269,
brick,bldg4.ttl,928,pySHACL,4,69.76484926202102,149.1296962670167,False,16269,
brick,bldg4.ttl,928,pySHACL,5,69.78280567796901,149.01860949100228,False,16269,
brick,bldg4.ttl,928,TopQuadrant,1,46.065053689992055,57.05118616297841,False,32011,
brick,bldg4.ttl,928,TopQuadrant,2,46.07809881796129,56.72189184802119,False,32011,
brick,bldg4.ttl,928,TopQuadrant,3,46.156146408000495,56.54845179000404,False,32011,
brick,bldg4.ttl,928,TopQuadrant,4,45.9594075329951,56.809498201007955,False,32011,
brick,bldg4.ttl,928,TopQuadrant,5,46.24124804302119,56.923395280959085,False,32011,
brick,bldg8.ttl,1000,pyshifty,1,2.5066741530317813,2.6863185730180703,False,3324,
brick,bldg8.ttl,1000,pyshifty,2,2.4832244080025703,2.698170564020984,False,3324,
brick,bldg8.ttl,1000,pyshifty,3,2.504419124976266,2.702489041024819,False,3324,
brick,bldg8.ttl,1000,pyshifty,4,2.5283121510292403,2.7213400549953803,False,3324,
brick,bldg8.ttl,1000,pyshifty,5,2.478349798009731,2.6846050010062754,False,3324,
brick,bldg8.ttl,1000,pySHACL,1,71.00963521096855,150.49043952999637,False,16501,
brick,bldg8.ttl,1000,pySHACL,2,70.91447897802573,150.52916719799396,False,16501,
brick,bldg8.ttl,1000,pySHACL,3,70.99269321397878,150.5728778099874,False,16501,
brick,bldg8.ttl,1000,pySHACL,4,70.87366821902106,150.68132241797866,False,16501,
brick,bldg8.ttl,1000,pySHACL,5,70.89483883098,150.61428365000756,False,16501,
brick,bldg8.ttl,1000,TopQuadrant,1,37.88980657199863,47.32161049405113,False,32112,
brick,bldg8.ttl,1000,TopQuadrant,2,37.48964398202952,47.501164343964774,False,32112,
brick,bldg8.ttl,1000,TopQuadrant,3,37.88976683898363,47.19511078100186,False,32112,
brick,bldg8.ttl,1000,TopQuadrant,4,37.78162871301174,46.67821033101063,False,32112,
brick,bldg8.ttl,1000,TopQuadrant,5,37.766971573990304,46.934742374985944,False,32112,
brick,bldg30.ttl,2924,pyshifty,1,2.670658071001526,2.960372525965795,False,9243,
brick,bldg30.ttl,2924,pyshifty,2,2.6780651079607196,2.903305426996667,False,9243,
brick,bldg30.ttl,2924,pyshifty,3,2.699575486010872,2.9100829230155796,False,9243,
brick,bldg30.ttl,2924,pyshifty,4,2.6644750800332986,2.922246948000975,False,9243,
brick,bldg30.ttl,2924,pyshifty,5,2.6625723829492927,2.9102679900242947,False,9243,
brick,bldg30.ttl,2924,pySHACL,1,91.33933123300085,184.74518865998834,False,24942,
brick,bldg30.ttl,2924,pySHACL,2,93.15898353001103,182.66029817803064,False,24942,
brick,bldg30.ttl,2924,pySHACL,3,92.99493948102463,182.6751077909721,False,24942,
brick,bldg30.ttl,2924,pySHACL,4,93.06277163495542,182.71798430604395,False,24942,
brick,bldg30.ttl,2924,pySHACL,5,93.06678087002365,182.6681503020227,False,24942,
brick,bldg30.ttl,2924,TopQuadrant,1,43.5416116110282,53.31186310702469,False,40549,
brick,bldg30.ttl,2924,TopQuadrant,2,43.72864445095183,53.70534044899978,False,40549,
brick,bldg30.ttl,2924,TopQuadrant,3,43.692946925992146,53.21715576801216,False,40549,
brick,bldg30.ttl,2924,TopQuadrant,4,43.61213736596983,53.60755358298775,False,40549,
brick,bldg30.ttl,2924,TopQuadrant,5,43.532510167045984,53.16044579696609,False,40549,
brick,bldg11.ttl,8608,pyshifty,1,3.3473326340317726,3.94963899301365,False,26959,
brick,bldg11.ttl,8608,pyshifty,2,3.3568756549502723,3.9116339900065213,False,26959,
brick,bldg11.ttl,8608,pyshifty,3,3.344191665004473,3.943895345029887,False,26959,
brick,bldg11.ttl,8608,pyshifty,4,3.374296336027328,3.9135569150093943,False,26959,
brick,bldg11.ttl,8608,pyshifty,5,3.318367328029126,3.94243615900632,False,26959,
brick,bldg11.ttl,8608,pySHACL,1,170.72108589601703,299.5462091380032,False,48099,
brick,bldg11.ttl,8608,pySHACL,2,170.679268577951,299.12339314603014,False,48099,
brick,bldg11.ttl,8608,pySHACL,3,170.69363119499758,299.34981204598444,False,48099,
brick,bldg11.ttl,8608,pySHACL,4,170.67794859298738,299.1760632049991,False,48099,
brick,bldg11.ttl,8608,pySHACL,5,170.6330945569789,299.3358534920262,False,48099,
brick,bldg11.ttl,8608,TopQuadrant,1,75.07724324503215,90.58137146895751,False,64273,
brick,bldg11.ttl,8608,TopQuadrant,2,75.270357609028,90.60816149396123,False,64273,
brick,bldg11.ttl,8608,TopQuadrant,3,75.27431763202185,91.15736702899449,False,64273,
brick,bldg11.ttl,8608,TopQuadrant,4,75.23442690999946,90.68401402700692,False,64273,
brick,bldg11.ttl,8608,TopQuadrant,5,75.55957941903034,90.66693399398355,False,64273,
brick,bldg37.ttl,10962,pyshifty,1,4.256449785025325,4.547007756016683,False,40208,
brick,bldg37.ttl,10962,pyshifty,2,4.225758043990936,4.564697200024966,False,40208,
brick,bldg37.ttl,10962,pyshifty,3,4.246453794010449,4.581926450948231,False,40208,
brick,bldg37.ttl,10962,pyshifty,4,4.260598080989439,4.549927058978938,False,40208,
brick,bldg37.ttl,10962,pyshifty,5,4.230963563022669,4.546027808974031,False,40208,
brick,bldg37.ttl,10962,pySHACL,1,217.00972825801,349.8601945930277,False,63670,
brick,bldg37.ttl,10962,pySHACL,2,216.79637698701117,349.7351964429836,False,63670,
brick,bldg37.ttl,10962,pySHACL,3,217.11226452095434,349.78626255801646,False,63670,
brick,bldg37.ttl,10962,pySHACL,4,217.1143108640099,349.8285817569704,False,63670,
brick,bldg37.ttl,10962,pySHACL,5,216.90006237395573,349.6644921100233,False,63670,
brick,bldg37.ttl,10962,TopQuadrant,1,71.3715606899932,86.23156875703717,False,81513,
brick,bldg37.ttl,10962,TopQuadrant,2,71.88422399299452,86.14196232199902,False,81513,
brick,bldg37.ttl,10962,TopQuadrant,3,71.59049655002309,85.89221631200053,False,81513,
brick,bldg37.ttl,10962,TopQuadrant,4,72.29330646299059,85.76761749602156,False,81513,
brick,bldg37.ttl,10962,TopQuadrant,5,71.6782600620063,86.01934719498968,False,81513,
s223,guideline36-2021-A-1.ttl,102,pyshifty,1,1.2964428000268526,1.402036817977205,False,44,
s223,guideline36-2021-A-1.ttl,102,pyshifty,2,1.2817554060020484,1.3826897279941477,False,44,
s223,guideline36-2021-A-1.ttl,102,pyshifty,3,1.295254583004862,1.3760391090181656,False,44,
s223,guideline36-2021-A-1.ttl,102,pyshifty,4,1.2747218899894506,1.3771987240179442,False,44,
s223,guideline36-2021-A-1.ttl,102,pyshifty,5,1.288996249961201,1.3820789330056868,False,44,
s223,guideline36-2021-A-1.ttl,102,pySHACL,1,9.11980693397345,103.08536473900313,True,16,
s223,guideline36-2021-A-1.ttl,102,pySHACL,2,9.112352900963742,102.96750481601339,True,16,
s223,guideline36-2021-A-1.ttl,102,pySHACL,3,9.134133432991803,102.91907013300806,True,16,
s223,guideline36-2021-A-1.ttl,102,pySHACL,4,9.137342519010417,103.00507158297114,True,16,
s223,guideline36-2021-A-1.ttl,102,pySHACL,5,9.10710119601572,103.20998384198174,True,16,
s223,guideline36-2021-A-1.ttl,102,TopQuadrant,1,28.810874070972204,35.66859200003091,True,44,
s223,guideline36-2021-A-1.ttl,102,TopQuadrant,2,28.878020700998604,35.65310480602784,True,44,
s223,guideline36-2021-A-1.ttl,102,TopQuadrant,3,29.062366503989324,35.45550148800248,True,44,
s223,guideline36-2021-A-1.ttl,102,TopQuadrant,4,28.972391337971203,35.62362644204404,True,44,
s223,guideline36-2021-A-1.ttl,102,TopQuadrant,5,29.011984523036517,35.94539599498967,True,44,
s223,guideline36-2021-A-4.ttl,257,pyshifty,1,1.326256497995928,1.4209428069880232,False,145,
s223,guideline36-2021-A-4.ttl,257,pyshifty,2,1.3197676329873502,1.4151367919985205,False,145,
s223,guideline36-2021-A-4.ttl,257,pyshifty,3,1.3371020199847408,1.413034630997572,False,145,
s223,guideline36-2021-A-4.ttl,257,pyshifty,4,1.3239474089932628,1.4192762820166536,False,145,
s223,guideline36-2021-A-4.ttl,257,pyshifty,5,1.3119855539989658,1.412815891962964,False,145,
s223,guideline36-2021-A-4.ttl,257,pySHACL,1,nan,nan,,,RunTimeoutError: run exceeded timeout of 600 seconds
s223,guideline36-2021-A-4.ttl,257,pySHACL,2,nan,nan,,,RunTimeoutError: run exceeded timeout of 600 seconds
s223,guideline36-2021-A-4.ttl,257,pySHACL,3,nan,nan,,,RunTimeoutError: run exceeded timeout of 600 seconds
s223,guideline36-2021-A-4.ttl,257,pySHACL,4,nan,nan,,,RunTimeoutError: run exceeded timeout of 600 seconds
s223,guideline36-2021-A-4.ttl,257,pySHACL,5,nan,nan,,,RunTimeoutError: run exceeded timeout of 600 seconds
s223,guideline36-2021-A-4.ttl,257,TopQuadrant,1,29.184166564024054,35.8533373340033,True,145,
s223,guideline36-2021-A-4.ttl,257,TopQuadrant,2,29.10875205596676,35.662905236997176,True,145,
s223,guideline36-2021-A-4.ttl,257,TopQuadrant,3,29.34633909299737,35.94696547702188,True,145,
s223,guideline36-2021-A-4.ttl,257,TopQuadrant,4,29.335265714966226,35.98810708097881,True,145,
s223,guideline36-2021-A-4.ttl,257,TopQuadrant,5,29.10224025399657,35.6188636450097,True,145,
s223,NIST-HPL.ttl,829,pyshifty,1,1.351690161973238,1.4319724950473756,False,408,
s223,NIST-HPL.ttl,829,pyshifty,2,1.3540518889785744,1.4571854710229672,False,408,
s223,NIST-HPL.ttl,829,pyshifty,3,1.360727152961772,1.4575266710016876,False,408,
s223,NIST-HPL.ttl,829,pyshifty,4,1.3519199029542506,1.4579696209984832,False,408,
s223,NIST-HPL.ttl,829,pyshifty,5,1.3568719460163265,1.4676059460034594,False,408,
s223,NIST-HPL.ttl,829,pySHACL,1,17.24769537895918,121.50497213803465,False,160,
s223,NIST-HPL.ttl,829,pySHACL,2,17.17477098898962,121.49639929702971,False,160,
s223,NIST-HPL.ttl,829,pySHACL,3,17.1869049660163,121.49257457698695,False,160,
s223,NIST-HPL.ttl,829,pySHACL,4,17.218860512017272,121.43860594398575,False,160,
s223,NIST-HPL.ttl,829,pySHACL,5,17.189991160994396,121.5375793770072,False,160,
s223,NIST-HPL.ttl,829,TopQuadrant,1,29.7771325680078,36.984692727040965,False,408,
s223,NIST-HPL.ttl,829,TopQuadrant,2,29.778120741946623,36.56082995602628,False,408,
s223,NIST-HPL.ttl,829,TopQuadrant,3,29.498414873029105,36.7130591669702,False,408,
s223,NIST-HPL.ttl,829,TopQuadrant,4,29.641020847018808,36.935897274001036,False,408,
s223,NIST-HPL.ttl,829,TopQuadrant,5,29.63255569402827,37.05650738097029,False,408,
s223,guideline36-2021-A-9.ttl,1060,pyshifty,1,1.4149168549920432,1.5714139509946108,False,608,
s223,guideline36-2021-A-9.ttl,1060,pyshifty,2,1.4165775470319204,1.5656818989664316,False,608,
s223,guideline36-2021-A-9.ttl,1060,pyshifty,3,1.4249855550006032,1.5697405849932693,False,608,
s223,guideline36-2021-A-9.ttl,1060,pyshifty,4,1.4281344569753855,1.5633499780087732,False,608,
s223,guideline36-2021-A-9.ttl,1060,pyshifty,5,1.405642172030639,1.5465275289607234,False,608,
s223,guideline36-2021-A-9.ttl,1060,pySHACL,1,nan,nan,,,RunTimeoutError: run exceeded timeout of 600 seconds
s223,guideline36-2021-A-9.ttl,1060,pySHACL,2,nan,nan,,,RunTimeoutError: run exceeded timeout of 600 seconds
s223,guideline36-2021-A-9.ttl,1060,pySHACL,3,nan,nan,,,RunTimeoutError: run exceeded timeout of 600 seconds
s223,guideline36-2021-A-9.ttl,1060,pySHACL,4,nan,nan,,,RunTimeoutError: run exceeded timeout of 600 seconds
s223,guideline36-2021-A-9.ttl,1060,pySHACL,5,nan,nan,,,RunTimeoutError: run exceeded timeout of 600 seconds
s223,guideline36-2021-A-9.ttl,1060,TopQuadrant,1,30.11316812701989,36.92421710997587,True,608,
s223,guideline36-2021-A-9.ttl,1060,TopQuadrant,2,29.930251525947824,36.88637915404979,True,608,
s223,guideline36-2021-A-9.ttl,1060,TopQuadrant,3,30.01759863103507,36.95920727797784,True,608,
s223,guideline36-2021-A-9.ttl,1060,TopQuadrant,4,30.23590993799735,37.10524679598166,True,608,
s223,guideline36-2021-A-9.ttl,1060,TopQuadrant,5,30.280122602009214,37.11737177002942,True,608,
s223,lbnl-example-radiant.ttl,1709,pyshifty,1,1.3944826520164497,1.498174121021293,False,1020,
s223,lbnl-example-radiant.ttl,1709,pyshifty,2,1.3906973880366422,1.482354370993562,False,1020,
s223,lbnl-example-radiant.ttl,1709,pyshifty,3,1.4024281129823066,1.4916895370115526,False,1020,
s223,lbnl-example-radiant.ttl,1709,pyshifty,4,1.4032914509880356,1.497457276971545,False,1020,
s223,lbnl-example-radiant.ttl,1709,pyshifty,5,1.3876525410450995,1.4836314439889975,False,1020,
s223,lbnl-example-radiant.ttl,1709,pySHACL,1,35.511533085023984,165.77975019800942,False,1020,
s223,lbnl-example-radiant.ttl,1709,pySHACL,2,35.42778235999867,165.72578294103732,False,1020,
s223,lbnl-example-radiant.ttl,1709,pySHACL,3,35.49608379998244,165.68294702802086,False,1020,
s223,lbnl-example-radiant.ttl,1709,pySHACL,4,35.49103491101414,165.43168436404085,False,1020,
s223,lbnl-example-radiant.ttl,1709,pySHACL,5,35.48175083700335,165.64511674101232,False,1020,
s223,lbnl-example-radiant.ttl,1709,TopQuadrant,1,16.110582055000123,22.955678005993832,False,1020,
s223,lbnl-example-radiant.ttl,1709,TopQuadrant,2,16.118375360034406,22.900388650014065,False,1020,
s223,lbnl-example-radiant.ttl,1709,TopQuadrant,3,16.294167264015414,23.007028287975118,False,1020,
s223,lbnl-example-radiant.ttl,1709,TopQuadrant,4,16.506406711007003,22.958956477988977,False,1020,
s223,lbnl-example-radiant.ttl,1709,TopQuadrant,5,16.165892329998314,23.161798655055463,False,1020,
s223,nrel-example.ttl,8130,pyshifty,1,2.3626797659671865,2.5319397270213813,False,2091,
s223,nrel-example.ttl,8130,pyshifty,2,2.3779739279998466,2.5299508190364577,False,2091,
s223,nrel-example.ttl,8130,pyshifty,3,2.3341094230418094,2.528221699001733,False,2091,
s223,nrel-example.ttl,8130,pyshifty,4,2.350206570001319,2.5269188079982996,False,2091,
s223,nrel-example.ttl,8130,pyshifty,5,2.349351948010735,2.538670079957228,False,2091,
s223,nrel-example.ttl,8130,pySHACL,1,nan,nan,,,RunTimeoutError: run exceeded timeout of 600 seconds
s223,nrel-example.ttl,8130,pySHACL,2,nan,nan,,,RunTimeoutError: run exceeded timeout of 600 seconds
s223,nrel-example.ttl,8130,pySHACL,3,nan,nan,,,RunTimeoutError: run exceeded timeout of 600 seconds
s223,nrel-example.ttl,8130,pySHACL,4,nan,nan,,,RunTimeoutError: run exceeded timeout of 600 seconds
s223,nrel-example.ttl,8130,pySHACL,5,nan,nan,,,RunTimeoutError: run exceeded timeout of 600 seconds
s223,nrel-example.ttl,8130,TopQuadrant,1,34.93634509603726,42.77252070000395,True,2091,
s223,nrel-example.ttl,8130,TopQuadrant,2,34.85063370602438,42.148172790999524,True,2091,
s223,nrel-example.ttl,8130,TopQuadrant,3,34.801159191993065,42.878138569009025,True,2091,
s223,nrel-example.ttl,8130,TopQuadrant,4,35.01812380598858,43.19863570702728,True,2091,
s223,nrel-example.ttl,8130,TopQuadrant,5,35.27080364804715,42.456198348954786,True,2091,
s223,lbnl-bdg4-1.ttl,10568,pyshifty,1,2.176787494972814,2.420722821028903,False,5564,
s223,lbnl-bdg4-1.ttl,10568,pyshifty,2,2.188593418977689,2.4488172290148214,False,5564,
s223,lbnl-bdg4-1.ttl,10568,pyshifty,3,2.1796098049962893,2.4535985980182886,False,5564,
s223,lbnl-bdg4-1.ttl,10568,pyshifty,4,2.1776697390014306,2.45487153402064,False,5564,
s223,lbnl-bdg4-1.ttl,10568,pyshifty,5,2.1719390189973637,2.4138249449897557,False,5564,
s223,lbnl-bdg4-1.ttl,10568,pySHACL,1,nan,nan,,,RunTimeoutError: run exceeded timeout of 600 seconds
s223,lbnl-bdg4-1.ttl,10568,pySHACL,2,nan,nan,,,RunTimeoutError: run exceeded timeout of 600 seconds
s223,lbnl-bdg4-1.ttl,10568,pySHACL,3,nan,nan,,,RunTimeoutError: run exceeded timeout of 600 seconds
s223,lbnl-bdg4-1.ttl,10568,pySHACL,4,nan,nan,,,RunTimeoutError: run exceeded timeout of 600 seconds
s223,lbnl-bdg4-1.ttl,10568,pySHACL,5,nan,nan,,,RunTimeoutError: run exceeded timeout of 600 seconds
s223,lbnl-bdg4-1.ttl,10568,TopQuadrant,1,36.165748119005,45.51240898499964,False,5564,
s223,lbnl-bdg4-1.ttl,10568,TopQuadrant,2,36.446956745989155,45.40662403299939,False,5564,
s223,lbnl-bdg4-1.ttl,10568,TopQuadrant,3,36.17688875203021,45.56826969102258,False,5564,
s223,lbnl-bdg4-1.ttl,10568,TopQuadrant,4,36.12623216200154,45.62336179398699,False,5564,
s223,lbnl-bdg4-1.ttl,10568,TopQuadrant,5,36.363443755952176,45.45132260204991,False,5564,
s223,lbnl-bdg3-1.ttl,26571,pyshifty,1,3.1935640950105153,2.9514032769948244,False,1164,
s223,lbnl-bdg3-1.ttl,26571,pyshifty,2,3.1639703510445543,2.934147091989871,False,1164,
s223,lbnl-bdg3-1.ttl,26571,pyshifty,3,3.162336659966968,2.940899324021302,False,1164,
s223,lbnl-bdg3-1.ttl,26571,pyshifty,4,3.1555378700140864,2.9320108179817908,False,1164,
s223,lbnl-bdg3-1.ttl,26571,pyshifty,5,3.1712859090184793,2.944140527979471,False,1164,
s223,lbnl-bdg3-1.ttl,26571,pySHACL,1,nan,nan,,,RunTimeoutError: run exceeded timeout of 600 seconds
s223,lbnl-bdg3-1.ttl,26571,pySHACL,2,nan,nan,,,RunTimeoutError: run exceeded timeout of 600 seconds
s223,lbnl-bdg3-1.ttl,26571,pySHACL,3,nan,nan,,,RunTimeoutError: run exceeded timeout of 600 seconds
s223,lbnl-bdg3-1.ttl,26571,pySHACL,4,nan,nan,,,RunTimeoutError: run exceeded timeout of 600 seconds
s223,lbnl-bdg3-1.ttl,26571,pySHACL,5,nan,nan,,,RunTimeoutError: run exceeded timeout of 600 seconds
s223,lbnl-bdg3-1.ttl,26571,TopQuadrant,1,14.0522510149749,24.674554279015865,False,1164,
s223,lbnl-bdg3-1.ttl,26571,TopQuadrant,2,14.082812131964602,24.867119717004243,False,1164,
s223,lbnl-bdg3-1.ttl,26571,TopQuadrant,3,14.229485029005446,25.101628882985096,False,1164,
s223,lbnl-bdg3-1.ttl,26571,TopQuadrant,4,14.288407378015108,24.894144625985064,False,1164,
s223,lbnl-bdg3-1.ttl,26571,TopQuadrant,5,14.16345062997425,25.161977256007958,False,1164,
s223,pnnl-bdg2-1.ttl,34810,pyshifty,1,3.793855711002834,4.581020729034208,False,23043,
s223,pnnl-bdg2-1.ttl,34810,pyshifty,2,3.813047588977497,4.570599328028038,False,23043,
s223,pnnl-bdg2-1.ttl,34810,pyshifty,3,3.799372899986338,4.588642875023652,False,23043,
s223,pnnl-bdg2-1.ttl,34810,pyshifty,4,3.7809496319969185,4.604202005022671,False,23043,
s223,pnnl-bdg2-1.ttl,34810,pyshifty,5,3.7841210960177705,4.576048711023759,False,23043,
s223,pnnl-bdg2-1.ttl,34810,pySHACL,1,nan,nan,,,RunTimeoutError: run exceeded timeout of 600 seconds
s223,pnnl-bdg2-1.ttl,34810,pySHACL,2,nan,nan,,,RunTimeoutError: run exceeded timeout of 600 seconds
s223,pnnl-bdg2-1.ttl,34810,pySHACL,3,nan,nan,,,RunTimeoutError: run exceeded timeout of 600 seconds
s223,pnnl-bdg2-1.ttl,34810,pySHACL,4,nan,nan,,,RunTimeoutError: run exceeded timeout of 600 seconds
s223,pnnl-bdg2-1.ttl,34810,pySHACL,5,nan,nan,,,RunTimeoutError: run exceeded timeout of 600 seconds
s223,pnnl-bdg2-1.ttl,34810,TopQuadrant,1,49.91080333699938,99.88540144398576,False,23043,
s223,pnnl-bdg2-1.ttl,34810,TopQuadrant,2,49.895621131989174,99.50787509197835,False,23043,
s223,pnnl-bdg2-1.ttl,34810,TopQuadrant,3,49.935784160974436,99.38968337001279,False,23043,
s223,pnnl-bdg2-1.ttl,34810,TopQuadrant,4,50.367685135046486,100.55448641697876,False,23043,
s223,pnnl-bdg2-1.ttl,34810,TopQuadrant,5,49.91460505395662,99.22489557904191,False,23043,
